passport,destination,status,days,notes,source_url,last_verified,confidence,reciprocity,footnote_ids
AD,AM,vf,180,,https://www.mfa.am/en/visafreelist,,unverified,,
AD,BY,vf,30,,https://mfa.gov.by/kcfinder/upload/files/GKU/21.10.17_List_countries_eng.pdf,,unverified,,
AD,CL,vf,,,https://www.consulado.gob.cl/consulados/site/docs/20190220/20190220161313/cuadro_de_visas_corregido060326.pdf,,unverified,,
AD,CN,vf,30,,https://en.nia.gov.cn/n147418/n147463/c183390/content.html,,unverified,,
AD,HK,vf,90,,https://www.immd.gov.hk/eng/services/visas/visit-transit/visit-visa-entry-permit.html,,unverified,,
AD,KY,vf,,,https://gov.ky/web/cbc/travel/visas-extensions/visitors-visas/list-of-countries-visa-required,,unverified,,
AD,MO,vf,30,,https://www.gov.mo/en/services/ps-1474/ps-1474b/,,unverified,,
AD,NZ,ev,90,,https://www.immigration.govt.nz/visit/what-you-need-to-visit-new-zealand/visa-waiver-countries-and-territories/,,unverified,,
AD,RU,ev,30,,https://dublin.kdmid.ru/en/consular-functions/visas/electronic-visa-e-visa/,,unverified,,
AD,SA,ev,90,,https://visa.visitsaudi.com/,,unverified,,
AD,TW,vf,90,,https://www.boca.gov.tw/cp-149-4486-7785a-2.html,,unverified,,
AE,AM,vf,180,,https://www.mfa.am/en/visafreelist,,unverified,,
AE,CL,vf,,,https://www.consulado.gob.cl/consulados/site/docs/20190220/20190220161313/cuadro_de_visas_corregido060326.pdf,,unverified,,
AE,HK,vf,30,,https://www.immd.gov.hk/eng/services/visas/visit-transit/visit-visa-entry-permit.html,,unverified,,
AE,KY,vr,,,https://gov.ky/web/cbc/travel/visas-extensions/visitors-visas/list-of-countries-visa-required,,unverified,,
AE,MO,vf,30,,https://www.gov.mo/en/services/ps-1474/ps-1474b/,,unverified,,
AE,NZ,ev,90,,https://www.immigration.govt.nz/visit/what-you-need-to-visit-new-zealand/visa-waiver-countries-and-territories/,,unverified,,
AE,TC,vf,,,https://borderforce.gov.tc/entry-requirements,,unverified,,
AE,VG,vr,,,https://www.bvitourism.com/travel/visas,,unverified,,
AF,CL,vr,,,https://www.consulado.gob.cl/consulados/site/docs/20190220/20190220161313/cuadro_de_visas_corregido060326.pdf,,unverified,,
AF,GB,vr,,,https://www.gov.uk/guidance/immigration-rules/immigration-rules-appendix-visitor-visa-national-list,,unverified,,
AF,HK,vr,,,https://www.immd.gov.hk/eng/services/visas/visit-transit/visit-visa-entry-permit.html,,unverified,,
AF,KY,vr,,,https://gov.ky/web/cbc/travel/visas-extensions/visitors-visas/list-of-countries-visa-required,,unverified,,
AF,MY,vr,,,https://www.imi.gov.my/index.php/en/main-services/visa/visa-requirement-by-country/,,unverified,,
AF,SG,vr,,,https://www.ica.gov.sg/enter-transit-depart/entering-singapore/visa_requirements,,unverified,,
AF,VG,vr,,,https://www.bvitourism.com/travel/visas,,unverified,,
AG,BY,vf,30,,https://mfa.gov.by/kcfinder/upload/files/GKU/21.10.17_List_countries_eng.pdf,,unverified,,
AG,CL,vf,,,https://www.consulado.gob.cl/consulados/site/docs/20190220/20190220161313/cuadro_de_visas_corregido060326.pdf,,unverified,,
AG,HK,vf,90,,https://www.immd.gov.hk/eng/services/visas/visit-transit/visit-visa-entry-permit.html,,unverified,,
AG,KY,vf,,,https://gov.ky/web/cbc/travel/visas-extensions/visitors-visas/list-of-countries-visa-required,,unverified,,
AG,TC,vf,,,https://borderforce.gov.tc/entry-requirements,,unverified,,
AL,CL,vf,,,https://www.consulado.gob.cl/consulados/site/docs/20190220/20190220161313/cuadro_de_visas_corregido060326.pdf,,unverified,,
AL,GB,vr,,,https://www.gov.uk/guidance/immigration-rules/immigration-rules-appendix-visitor-visa-national-list,,unverified,,
AL,HK,vf,14,,https://www.immd.gov.hk/eng/services/visas/visit-transit/visit-visa-entry-permit.html,,unverified,,
AL,KY,vr,,,https://gov.ky/web/cbc/travel/visas-extensions/visitors-visas/list-of-countries-visa-required,,unverified,,
AL,MO,vf,30,,https://www.gov.mo/en/services/ps-1474/ps-1474b/,,unverified,,
AL,SA,ev,90,,https://visa.visitsaudi.com/,,unverified,,
AL,TW,vf,90,,https://www.boca.gov.tw/cp-149-4486-7785a-2.html,,unverified,,
AL,VG,vr,,,https://www.bvitourism.com/travel/visas,,unverified,,
AM,CL,vr,,,https://www.consulado.gob.cl/consulados/site/docs/20190220/20190220161313/cuadro_de_visas_corregido060326.pdf,,unverified,,
AM,GB,vr,,,https://www.gov.uk/guidance/immigration-rules/immigration-rules-appendix-visitor-visa-national-list,,unverified,,
AM,HK,vf,30,,https://www.immd.gov.hk/eng/services/visas/visit-transit/visit-visa-entry-permit.html,,unverified,,
AM,KY,vr,,,https://gov.ky/web/cbc/travel/visas-extensions/visitors-visas/list-of-countries-visa-required,,unverified,,
AM,SG,vr,,,https://www.ica.gov.sg/enter-transit-depart/entering-singapore/visa_requirements,,unverified,,
AM,VG,vr,,,https://www.bvitourism.com/travel/visas,,unverified,,
AO,CL,vr,,,https://www.consulado.gob.cl/consulados/site/docs/20190220/20190220161313/cuadro_de_visas_corregido060326.pdf,,unverified,,
AO,GB,vr,,,https://www.gov.uk/guidance/immigration-rules/immigration-rules-appendix-visitor-visa-national-list,,unverified,,
AO,HK,vr,,,https://www.immd.gov.hk/eng/services/visas/visit-transit/visit-visa-entry-permit.html,,unverified,,
AO,KY,vr,,,https://gov.ky/web/cbc/travel/visas-extensions/visitors-visas/list-of-countries-visa-required,,unverified,,
AO,MY,vr,,,https://www.imi.gov.my/index.php/en/main-services/visa/visa-requirement-by-country/,,unverified,,
AO,VG,vr,,,https://www.bvitourism.com/travel/visas,,unverified,,
AR,CL,vf,,,https://www.consulado.gob.cl/consulados/site/docs/20190220/20190220161313/cuadro_de_visas_corregido060326.pdf,,unverified,,
AR,CN,vf,30,,https://en.nia.gov.cn/n147418/n147463/c183390/content.html,,unverified,,
AR,HK,vf,90,,https://www.immd.gov.hk/eng/services/visas/visit-transit/visit-visa-entry-permit.html,,unverified,,
AR,KY,vf,,,https://gov.ky/web/cbc/travel/visas-extensions/visitors-visas/list-of-countries-visa-required,,unverified,,
AR,NZ,ev,90,,https://www.immigration.govt.nz/visit/what-you-need-to-visit-new-zealand/visa-waiver-countries-and-territories/,,unverified,,
AR,TC,vf,,,https://borderforce.gov.tc/entry-requirements,,unverified,,
AT,AM,vf,180,,https://www.mfa.am/en/visafreelist,,unverified,,
AT,BY,vf,30,,https://mfa.gov.by/kcfinder/upload/files/GKU/21.10.17_List_countries_eng.pdf,,unverified,,
AT,CL,vf,,,https://www.consulado.gob.cl/consulados/site/docs/20190220/20190220161313/cuadro_de_visas_corregido060326.pdf,,unverified,,
AT,CN,vf,30,,https://en.nia.gov.cn/n147418/n147463/c183390/content.html,,unverified,,
AT,HK,vf,90,,https://www.immd.gov.hk/eng/services/visas/visit-transit/visit-visa-entry-permit.html,,unverified,,
AT,KY,vf,,,https://gov.ky/web/cbc/travel/visas-extensions/visitors-visas/list-of-countries-visa-required,,unverified,,
AT,MO,vf,30,,https://www.gov.mo/en/services/ps-1474/ps-1474b/,,unverified,,
AT,NZ,ev,90,,https://www.immigration.govt.nz/visit/what-you-need-to-visit-new-zealand/visa-waiver-countries-and-territories/,,unverified,,
AT,RU,ev,30,,https://dublin.kdmid.ru/en/consular-functions/visas/electronic-visa-e-visa/,,unverified,,
AT,SA,ev,90,,https://visa.visitsaudi.com/,,unverified,,
AT,TC,vf,,,https://borderforce.gov.tc/entry-requirements,,unverified,,
AT,TW,vf,90,,https://www.boca.gov.tw/cp-149-4486-7785a-2.html,,unverified,,
AU,AM,vf,180,,https://www.mfa.am/en/visafreelist,,unverified,,
AU,BY,vf,30,,https://mfa.gov.by/kcfinder/upload/files/GKU/21.10.17_List_countries_eng.pdf,,unverified,,
AU,CL,vf,,,https://www.consulado.gob.cl/consulados/site/docs/20190220/20190220161313/cuadro_de_visas_corregido060326.pdf,,unverified,,
AU,CN,vf,30,,https://en.nia.gov.cn/n147418/n147463/c183390/content.html,,unverified,,
AU,HK,vf,90,,https://www.immd.gov.hk/eng/services/visas/visit-transit/visit-visa-entry-permit.html,,unverified,,
AU,KY,vf,,,https://gov.ky/web/cbc/travel/visas-extensions/visitors-visas/list-of-countries-visa-required,,unverified,,
AU,MO,vf,30,,https://www.gov.mo/en/services/ps-1474/ps-1474b/,,unverified,,
AU,SA,ev,90,,https://visa.visitsaudi.com/,,unverified,,
AU,TC,vf,,,https://borderforce.gov.tc/entry-requirements,,unverified,,
AU,TW,vf,90,,https://www.boca.gov.tw/cp-149-4486-7785a-2.html,,unverified,,
AZ,CL,vr,,,https://www.consulado.gob.cl/consulados/site/docs/20190220/20190220161313/cuadro_de_visas_corregido060326.pdf,,unverified,,
AZ,GB,vr,,,https://www.gov.uk/guidance/immigration-rules/immigration-rules-appendix-visitor-visa-national-list,,unverified,,
AZ,HK,vr,,,https://www.immd.gov.hk/eng/services/visas/visit-transit/visit-visa-entry-permit.html,,unverified,,
AZ,KY,vr,,,https://gov.ky/web/cbc/travel/visas-extensions/visitors-visas/list-of-countries-visa-required,,unverified,,
AZ,SA,ev,90,,https://visa.visitsaudi.com/,,unverified,,
AZ,SG,vr,,,https://www.ica.gov.sg/enter-transit-depart/entering-singapore/visa_requirements,,unverified,,
AZ,VG,vr,,,https://www.bvitourism.com/travel/visas,,unverified,,
BA,BY,vf,30,,https://mfa.gov.by/kcfinder/upload/files/GKU/21.10.17_List_countries_eng.pdf,,unverified,,
BA,CL,vf,,,https://www.consulado.gob.cl/consulados/site/docs/20190220/20190220161313/cuadro_de_visas_corregido060326.pdf,,unverified,,
BA,HK,vf,14,,https://www.immd.gov.hk/eng/services/visas/visit-transit/visit-visa-entry-permit.html,,unverified,,
BA,KY,vr,,,https://gov.ky/web/cbc/travel/visas-extensions/visitors-visas/list-of-countries-visa-required,,unverified,,
BA,MO,vf,30,,https://www.gov.mo/en/services/ps-1474/ps-1474b/,,unverified,,
BB,BY,vf,30,,https://mfa.gov.by/kcfinder/upload/files/GKU/21.10.17_List_countries_eng.pdf,,unverified,,
BB,CL,vf,,,https://www.consulado.gob.cl/consulados/site/docs/20190220/20190220161313/cuadro_de_visas_corregido060326.pdf,,unverified,,
BB,HK,vf,90,,https://www.immd.gov.hk/eng/services/visas/visit-transit/visit-visa-entry-permit.html,,unverified,,
BB,KY,vf,,,https://gov.ky/web/cbc/travel/visas-extensions/visitors-visas/list-of-countries-visa-required,,unverified,,
BB,SA,ev,90,,https://visa.visitsaudi.com/,,unverified,,
BB,TC,vf,,,https://borderforce.gov.tc/entry-requirements,,unverified,,
BD,CL,vr,,,https://www.consulado.gob.cl/consulados/site/docs/20190220/20190220161313/cuadro_de_visas_corregido060326.pdf,,unverified,,
BD,GB,vr,,,https://www.gov.uk/guidance/immigration-rules/immigration-rules-appendix-visitor-visa-national-list,,unverified,,
BD,HK,vr,,,https://www.immd.gov.hk/eng/services/visas/visit-transit/visit-visa-entry-permit.html,,unverified,,
BD,KY,vr,,,https://gov.ky/web/cbc/travel/visas-extensions/visitors-visas/list-of-countries-visa-required,,unverified,,
BD,MO,vr,,,https://www.gov.mo/en/services/ps-1474/ps-1474b/,,unverified,,
BD,MY,vr,,,https://www.imi.gov.my/index.php/en/main-services/visa/visa-requirement-by-country/,,unverified,,
BD,SG,vr,,,https://www.ica.gov.sg/enter-transit-depart/entering-singapore/visa_requirements,,unverified,,
BE,AM,vf,180,,https://www.mfa.am/en/visafreelist,,unverified,,
BE,BY,vf,30,,https://mfa.gov.by/kcfinder/upload/files/GKU/21.10.17_List_countries_eng.pdf,,unverified,,
BE,CL,vf,,,https://www.consulado.gob.cl/consulados/site/docs/20190220/20190220161313/cuadro_de_visas_corregido060326.pdf,,unverified,,
BE,CN,vf,30,,https://en.nia.gov.cn/n147418/n147463/c183390/content.html,,unverified,,
BE,HK,vf,90,,https://www.immd.gov.hk/eng/services/visas/visit-transit/visit-visa-entry-permit.html,,unverified,,
BE,KY,vf,,,https://gov.ky/web/cbc/travel/visas-extensions/visitors-visas/list-of-countries-visa-required,,unverified,,
BE,MO,vf,30,,https://www.gov.mo/en/services/ps-1474/ps-1474b/,,unverified,,
BE,NZ,ev,90,,https://www.immigration.govt.nz/visit/what-you-need-to-visit-new-zealand/visa-waiver-countries-and-territories/,,unverified,,
BE,RU,ev,30,,https://dublin.kdmid.ru/en/consular-functions/visas/electronic-visa-e-visa/,,unverified,,
BE,SA,ev,90,,https://visa.visitsaudi.com/,,unverified,,
BE,TC,vf,,,https://borderforce.gov.tc/entry-requirements,,unverified,,
BE,TW,vf,90,,https://www.boca.gov.tw/cp-149-4486-7785a-2.html,,unverified,,
BF,CL,vr,,,https://www.consulado.gob.cl/consulados/site/docs/20190220/20190220161313/cuadro_de_visas_corregido060326.pdf,,unverified,,
BF,GB,vr,,,https://www.gov.uk/guidance/immigration-rules/immigration-rules-appendix-visitor-visa-national-list,,unverified,,
BF,HK,vf,14,,https://www.immd.gov.hk/eng/services/visas/visit-transit/visit-visa-entry-permit.html,,unverified,,
BF,KY,vr,,,https://gov.ky/web/cbc/travel/visas-extensions/visitors-visas/list-of-countries-visa-required,,unverified,,
BF,MY,vr,,,https://www.imi.gov.my/index.php/en/main-services/visa/visa-requirement-by-country/,,unverified,,
BG,AM,vf,180,,https://www.mfa.am/en/visafreelist,,unverified,,
BG,BY,vf,30,,https://mfa.gov.by/kcfinder/upload/files/GKU/21.10.17_List_countries_eng.pdf,,unverified,,
BG,CL,vf,,,https://www.consulado.gob.cl/consulados/site/docs/20190220/20190220161313/cuadro_de_visas_corregido060326.pdf,,unverified,,
BG,CN,vf,30,,https://en.nia.gov.cn/n147418/n147463/c183390/content.html,,unverified,,
BG,HK,vf,90,,https://www.immd.gov.hk/eng/services/visas/visit-transit/visit-visa-entry-permit.html,,unverified,,
BG,KY,vf,,,https://gov.ky/web/cbc/travel/visas-extensions/visitors-visas/list-of-countries-visa-required,,unverified,,
BG,MO,vf,30,,https://www.gov.mo/en/services/ps-1474/ps-1474b/,,unverified,,
BG,NZ,ev,90,,https://www.immigration.govt.nz/visit/what-you-need-to-visit-new-zealand/visa-waiver-countries-and-territories/,,unverified,,
BG,RU,ev,30,,https://dublin.kdmid.ru/en/consular-functions/visas/electronic-visa-e-visa/,,unverified,,
BG,SA,ev,90,,https://visa.visitsaudi.com/,,unverified,,
BG,TC,vf,,,https://borderforce.gov.tc/entry-requirements,,unverified,,
BG,TW,vf,90,,https://www.boca.gov.tw/cp-149-4486-7785a-2.html,,unverified,,
BH,BY,vf,30,,https://mfa.gov.by/kcfinder/upload/files/GKU/21.10.17_List_countries_eng.pdf,,unverified,,
BH,CL,vr,,,https://www.consulado.gob.cl/consulados/site/docs/20190220/20190220161313/cuadro_de_visas_corregido060326.pdf,,unverified,,
BH,CN,vf,30,,https://en.nia.gov.cn/n147418/n147463/c183390/content.html,,unverified,,
BH,HK,vf,30,,https://www.immd.gov.hk/eng/services/visas/visit-transit/visit-visa-entry-permit.html,,unverified,,
BH,KY,vf,,,https://gov.ky/web/cbc/travel/visas-extensions/visitors-visas/list-of-countries-visa-required,,unverified,,
BH,NZ,ev,90,,https://www.immigration.govt.nz/visit/what-you-need-to-visit-new-zealand/visa-waiver-countries-and-territories/,,unverified,,
BH,RU,ev,30,,https://dublin.kdmid.ru/en/consular-functions/visas/electronic-visa-e-visa/,,unverified,,
BH,VG,vr,,,https://www.bvitourism.com/travel/visas,,unverified,,
BI,CL,vr,,,https://www.consulado.gob.cl/consulados/site/docs/20190220/20190220161313/cuadro_de_visas_corregido060326.pdf,,unverified,,
BI,GB,vr,,,https://www.gov.uk/guidance/immigration-rules/immigration-rules-appendix-visitor-visa-national-list,,unverified,,
BI,HK,vr,,,https://www.immd.gov.hk/eng/services/visas/visit-transit/visit-visa-entry-permit.html,,unverified,,
BI,KY,vr,,,https://gov.ky/web/cbc/travel/visas-extensions/visitors-visas/list-of-countries-visa-required,,unverified,,
BI,MY,vr,,,https://www.imi.gov.my/index.php/en/main-services/visa/visa-requirement-by-country/,,unverified,,
BI,VG,vr,,,https://www.bvitourism.com/travel/visas,,unverified,,
BJ,CL,vr,,,https://www.consulado.gob.cl/consulados/site/docs/20190220/20190220161313/cuadro_de_visas_corregido060326.pdf,,unverified,,
BJ,GB,vr,,,https://www.gov.uk/guidance/immigration-rules/immigration-rules-appendix-visitor-visa-national-list,,unverified,,
BJ,HK,vf,14,,https://www.immd.gov.hk/eng/services/visas/visit-transit/visit-visa-entry-permit.html,,unverified,,
BJ,KY,vr,,,https://gov.ky/web/cbc/travel/visas-extensions/visitors-visas/list-of-countries-visa-required,,unverified,,
BJ,VG,vr,,,https://www.bvitourism.com/travel/visas,,unverified,,
BN,CL,vr,,,https://www.consulado.gob.cl/consulados/site/docs/20190220/20190220161313/cuadro_de_visas_corregido060326.pdf,,unverified,,
BN,CN,vf,30,,https://en.nia.gov.cn/n147418/n147463/c183390/content.html,,unverified,,
BN,HK,vf,90,,https://www.immd.gov.hk/eng/services/visas/visit-transit/visit-visa-entry-permit.html,,unverified,,
BN,MO,vf,14,,https://www.gov.mo/en/services/ps-1474/ps-1474b/,,unverified,,
BN,NZ,ev,90,,https://www.immigration.govt.nz/visit/what-you-need-to-visit-new-zealand/visa-waiver-countries-and-territories/,,unverified,,
BN,SA,ev,90,,https://visa.visitsaudi.com/,,unverified,,
BN,TW,vf,14,,https://www.boca.gov.tw/cp-149-4486-7785a-2.html,,unverified,,
BO,CL,vf,,,https://www.consulado.gob.cl/consulados/site/docs/20190220/20190220161313/cuadro_de_visas_corregido060326.pdf,,unverified,,
BO,GB,vr,,,https://www.gov.uk/guidance/immigration-rules/immigration-rules-appendix-visitor-visa-national-list,,unverified,,
BO,HK,vf,30,,https://www.immd.gov.hk/eng/services/visas/visit-transit/visit-visa-entry-permit.html,,unverified,,
BO,KY,vr,,,https://gov.ky/web/cbc/travel/visas-extensions/visitors-visas/list-of-countries-visa-required,,unverified,,
BR,CL,vf,,,https://www.consulado.gob.cl/consulados/site/docs/20190220/20190220161313/cuadro_de_visas_corregido060326.pdf,,unverified,,
BR,CN,vf,30,,https://en.nia.gov.cn/n147418/n147463/c183390/content.html,,unverified,,
BR,HK,vf,90,,https://www.immd.gov.hk/eng/services/visas/visit-transit/visit-visa-entry-permit.html,,unverified,,
BR,KY,vf,,,https://gov.ky/web/cbc/travel/visas-extensions/visitors-visas/list-of-countries-visa-required,,unverified,,
BR,MO,vf,30,,https://www.gov.mo/en/services/ps-1474/ps-1474b/,,unverified,,
BR,NZ,ev,90,,https://www.immigration.govt.nz/visit/what-you-need-to-visit-new-zealand/visa-waiver-countries-and-territories/,,unverified,,
BR,TC,vf,,,https://borderforce.gov.tc/entry-requirements,,unverified,,
BS,CL,vf,,,https://www.consulado.gob.cl/consulados/site/docs/20190220/20190220161313/cuadro_de_visas_corregido060326.pdf,,unverified,,
BS,HK,vf,90,,https://www.immd.gov.hk/eng/services/visas/visit-transit/visit-visa-entry-permit.html,,unverified,,
BS,KY,vf,,,https://gov.ky/web/cbc/travel/visas-extensions/visitors-visas/list-of-countries-visa-required,,unverified,,
BS,SA,ev,90,,https://visa.visitsaudi.com/,,unverified,,
BS,TC,vf,,,https://borderforce.gov.tc/entry-requirements,,unverified,,
BT,CL,vr,,,https://www.consulado.gob.cl/consulados/site/docs/20190220/20190220161313/cuadro_de_visas_corregido060326.pdf,,unverified,,
BT,GB,vr,,,https://www.gov.uk/guidance/immigration-rules/immigration-rules-appendix-visitor-visa-national-list,,unverified,,
BT,HK,vf,14,,https://www.immd.gov.hk/eng/services/visas/visit-transit/visit-visa-entry-permit.html,,unverified,,
BT,KY,vr,,,https://gov.ky/web/cbc/travel/visas-extensions/visitors-visas/list-of-countries-visa-required,,unverified,,
BT,MY,vr,,,https://www.imi.gov.my/index.php/en/main-services/visa/visa-requirement-by-country/,,unverified,,
BT,VG,vr,,,https://www.bvitourism.com/travel/visas,,unverified,,
BW,CL,vr,,,https://www.consulado.gob.cl/consulados/site/docs/20190220/20190220161313/cuadro_de_visas_corregido060326.pdf,,unverified,,
BW,GB,vr,,,https://www.gov.uk/guidance/immigration-rules/immigration-rules-appendix-visitor-visa-national-list,,unverified,,
BW,HK,vf,90,,https://www.immd.gov.hk/eng/services/visas/visit-transit/visit-visa-entry-permit.html,,unverified,,
BW,KY,vf,,,https://gov.ky/web/cbc/travel/visas-extensions/visitors-visas/list-of-countries-visa-required,,unverified,,
BW,TC,vf,,,https://borderforce.gov.tc/entry-requirements,,unverified,,
BY,CL,vr,,,https://www.consulado.gob.cl/consulados/site/docs/20190220/20190220161313/cuadro_de_visas_corregido060326.pdf,,unverified,,
BY,GB,vr,,,https://www.gov.uk/guidance/immigration-rules/immigration-rules-appendix-visitor-visa-national-list,,unverified,,
BY,HK,vf,30,,https://www.immd.gov.hk/eng/services/visas/visit-transit/visit-visa-entry-permit.html,,unverified,,
BY,KY,vr,,,https://gov.ky/web/cbc/travel/visas-extensions/visitors-visas/list-of-countries-visa-required,,unverified,,
BY,SG,vr,,,https://www.ica.gov.sg/enter-transit-depart/entering-singapore/visa_requirements,,unverified,,
BY,VG,vr,,,https://www.bvitourism.com/travel/visas,,unverified,,
BZ,CL,vf,,,https://www.consulado.gob.cl/consulados/site/docs/20190220/20190220161313/cuadro_de_visas_corregido060326.pdf,,unverified,,
BZ,HK,vf,90,,https://www.immd.gov.hk/eng/services/visas/visit-transit/visit-visa-entry-permit.html,,unverified,,
BZ,KY,vf,,,https://gov.ky/web/cbc/travel/visas-extensions/visitors-visas/list-of-countries-visa-required,,unverified,,
BZ,TC,vf,,,https://borderforce.gov.tc/entry-requirements,,unverified,,
BZ,TW,vf,30,,https://www.boca.gov.tw/cp-149-4486-7785a-2.html,,unverified,,
CA,BY,vf,30,,https://mfa.gov.by/kcfinder/upload/files/GKU/21.10.17_List_countries_eng.pdf,,unverified,,
CA,CL,vf,,,https://www.consulado.gob.cl/consulados/site/docs/20190220/20190220161313/cuadro_de_visas_corregido060326.pdf,,unverified,,
CA,CN,vf,30,,https://en.nia.gov.cn/n147418/n147463/c183390/content.html,,unverified,,
CA,HK,vf,90,,https://www.immd.gov.hk/eng/services/visas/visit-transit/visit-visa-entry-permit.html,,unverified,,
CA,KY,vf,,,https://gov.ky/web/cbc/travel/visas-extensions/visitors-visas/list-of-countries-visa-required,,unverified,,
CA,MO,vf,30,,https://www.gov.mo/en/services/ps-1474/ps-1474b/,,unverified,,
CA,NZ,ev,90,,https://www.immigration.govt.nz/visit/what-you-need-to-visit-new-zealand/visa-waiver-countries-and-territories/,,unverified,,
CA,SA,ev,90,,https://visa.visitsaudi.com/,,unverified,,
CA,TC,vf,,,https://borderforce.gov.tc/entry-requirements,,unverified,,
CA,TW,vf,90,,https://www.boca.gov.tw/cp-149-4486-7785a-2.html,,unverified,,
CD,CL,vr,,,https://www.consulado.gob.cl/consulados/site/docs/20190220/20190220161313/cuadro_de_visas_corregido060326.pdf,,unverified,,
CD,GB,vr,,,https://www.gov.uk/guidance/immigration-rules/immigration-rules-appendix-visitor-visa-national-list,,unverified,,
CF,CL,vr,,,https://www.consulado.gob.cl/consulados/site/docs/20190220/20190220161313/cuadro_de_visas_corregido060326.pdf,,unverified,,
CF,GB,vr,,,https://www.gov.uk/guidance/immigration-rules/immigration-rules-appendix-visitor-visa-national-list,,unverified,,
CF,HK,vr,,,https://www.immd.gov.hk/eng/services/visas/visit-transit/visit-visa-entry-permit.html,,unverified,,
CF,KY,vr,,,https://gov.ky/web/cbc/travel/visas-extensions/visitors-visas/list-of-countries-visa-required,,unverified,,
CF,MY,vr,,,https://www.imi.gov.my/index.php/en/main-services/visa/visa-requirement-by-country/,,unverified,,
CF,VG,vr,,,https://www.bvitourism.com/travel/visas,,unverified,,
CG,CL,vr,,,https://www.consulado.gob.cl/consulados/site/docs/20190220/20190220161313/cuadro_de_visas_corregido060326.pdf,,unverified,,
CH,AM,vf,180,,https://www.mfa.am/en/visafreelist,,unverified,,
CH,BY,vf,30,,https://mfa.gov.by/kcfinder/upload/files/GKU/21.10.17_List_countries_eng.pdf,,unverified,,
CH,CL,vf,,,https://www.consulado.gob.cl/consulados/site/docs/20190220/20190220161313/cuadro_de_visas_corregido060326.pdf,,unverified,,
CH,CN,vf,30,,https://en.nia.gov.cn/n147418/n147463/c183390/content.html,,unverified,,
CH,HK,vf,90,,https://www.immd.gov.hk/eng/services/visas/visit-transit/visit-visa-entry-permit.html,,unverified,,
CH,KY,vf,,,https://gov.ky/web/cbc/travel/visas-extensions/visitors-visas/list-of-countries-visa-required,,unverified,,
CH,MO,vf,30,,https://www.gov.mo/en/services/ps-1474/ps-1474b/,,unverified,,
CH,NZ,ev,90,,https://www.immigration.govt.nz/visit/what-you-need-to-visit-new-zealand/visa-waiver-countries-and-territories/,,unverified,,
CH,RU,ev,30,,https://dublin.kdmid.ru/en/consular-functions/visas/electronic-visa-e-visa/,,unverified,,
CH,SA,ev,90,,https://visa.visitsaudi.com/,,unverified,,
CH,TC,vf,,,https://borderforce.gov.tc/entry-requirements,,unverified,,
CH,TW,vf,90,,https://www.boca.gov.tw/cp-149-4486-7785a-2.html,,unverified,,
CI,CL,vr,,,https://www.consulado.gob.cl/consulados/site/docs/20190220/20190220161313/cuadro_de_visas_corregido060326.pdf,,unverified,,
CL,BY,vf,30,,https://mfa.gov.by/kcfinder/upload/files/GKU/21.10.17_List_countries_eng.pdf,,unverified,,
CL,CN,vf,30,,https://en.nia.gov.cn/n147418/n147463/c183390/content.html,,unverified,,
CL,HK,vf,90,,https://www.immd.gov.hk/eng/services/visas/visit-transit/visit-visa-entry-permit.html,,unverified,,
CL,KY,vf,,,https://gov.ky/web/cbc/travel/visas-extensions/visitors-visas/list-of-countries-visa-required,,unverified,,
CL,MO,vf,30,,https://www.gov.mo/en/services/ps-1474/ps-1474b/,,unverified,,
CL,NZ,ev,90,,https://www.immigration.govt.nz/visit/what-you-need-to-visit-new-zealand/visa-waiver-countries-and-territories/,,unverified,,
CL,TC,vf,,,https://borderforce.gov.tc/entry-requirements,,unverified,,
CL,TW,vf,90,,https://www.boca.gov.tw/cp-149-4486-7785a-2.html,,unverified,,
CM,CL,vr,,,https://www.consulado.gob.cl/consulados/site/docs/20190220/20190220161313/cuadro_de_visas_corregido060326.pdf,,unverified,,
CM,GB,vr,,,https://www.gov.uk/guidance/immigration-rules/immigration-rules-appendix-visitor-visa-national-list,,unverified,,
CM,HK,vr,,,https://www.immd.gov.hk/eng/services/visas/visit-transit/visit-visa-entry-permit.html,,unverified,,
CM,KY,vr,,,https://gov.ky/web/cbc/travel/visas-extensions/visitors-visas/list-of-countries-visa-required,,unverified,,
CM,MY,vr,,,https://www.imi.gov.my/index.php/en/main-services/visa/visa-requirement-by-country/,,unverified,,
CM,VG,vr,,,https://www.bvitourism.com/travel/visas,,unverified,,
CN,CL,vr,,,https://www.consulado.gob.cl/consulados/site/docs/20190220/20190220161313/cuadro_de_visas_corregido060326.pdf,,unverified,,
CN,KY,vr,,,https://gov.ky/web/cbc/travel/visas-extensions/visitors-visas/list-of-countries-visa-required,,unverified,,
CN,RU,ev,30,,https://dublin.kdmid.ru/en/consular-functions/visas/electronic-visa-e-visa/,,unverified,,
CN,SA,ev,90,,https://visa.visitsaudi.com/,,unverified,,
CN,TC,vf,,,https://borderforce.gov.tc/entry-requirements,,unverified,,
CO,CL,vf,,,https://www.consulado.gob.cl/consulados/site/docs/20190220/20190220161313/cuadro_de_visas_corregido060326.pdf,,unverified,,
CO,GB,vr,,,https://www.gov.uk/guidance/immigration-rules/immigration-rules-appendix-visitor-visa-national-list,,unverified,,
CO,HK,vf,90,,https://www.immd.gov.hk/eng/services/visas/visit-transit/visit-visa-entry-permit.html,,unverified,,
CO,KY,vr,,,https://gov.ky/web/cbc/travel/visas-extensions/visitors-visas/list-of-countries-visa-required,,unverified,,
CO,MY,vr,,,https://www.imi.gov.my/index.php/en/main-services/visa/visa-requirement-by-country/,,unverified,,
CO,TC,vf,,,https://borderforce.gov.tc/entry-requirements,,unverified,,
CR,CL,vf,,,https://www.consulado.gob.cl/consulados/site/docs/20190220/20190220161313/cuadro_de_visas_corregido060326.pdf,,unverified,,
CR,HK,vf,30,,https://www.immd.gov.hk/eng/services/visas/visit-transit/visit-visa-entry-permit.html,,unverified,,
CR,KY,vf,,,https://gov.ky/web/cbc/travel/visas-extensions/visitors-visas/list-of-countries-visa-required,,unverified,,
CR,TC,vf,,,https://borderforce.gov.tc/entry-requirements,,unverified,,
CU,CL,vr,,,https://www.consulado.gob.cl/consulados/site/docs/20190220/20190220161313/cuadro_de_visas_corregido060326.pdf,,unverified,,
CU,GB,vr,,,https://www.gov.uk/guidance/immigration-rules/immigration-rules-appendix-visitor-visa-national-list,,unverified,,
CU,HK,vr,,,https://www.immd.gov.hk/eng/services/visas/visit-transit/visit-visa-entry-permit.html,,unverified,,
CU,KY,vr,,,https://gov.ky/web/cbc/travel/visas-extensions/visitors-visas/list-of-countries-visa-required,,unverified,,
CU,VG,vr,,,https://www.bvitourism.com/travel/visas,,unverified,,
CV,CL,vr,,,https://www.consulado.gob.cl/consulados/site/docs/20190220/20190220161313/cuadro_de_visas_corregido060326.pdf,,unverified,,
CV,GB,vr,,,https://www.gov.uk/guidance/immigration-rules/immigration-rules-appendix-visitor-visa-national-list,,unverified,,
CV,HK,vf,30,,https://www.immd.gov.hk/eng/services/visas/visit-transit/visit-visa-entry-permit.html,,unverified,,
CV,KY,vr,,,https://gov.ky/web/cbc/travel/visas-extensions/visitors-visas/list-of-countries-visa-required,,unverified,,
CV,MO,vf,30,,https://www.gov.mo/en/services/ps-1474/ps-1474b/,,unverified,,
CV,VG,vr,,,https://www.bvitourism.com/travel/visas,,unverified,,
CY,AM,vf,180,,https://www.mfa.am/en/visafreelist,,unverified,,
CY,BY,vf,30,,https://mfa.gov.by/kcfinder/upload/files/GKU/21.10.17_List_countries_eng.pdf,,unverified,,
CY,CL,vf,,,https://www.consulado.gob.cl/consulados/site/docs/20190220/20190220161313/cuadro_de_visas_corregido060326.pdf,,unverified,,
CY,CN,vf,30,,https://en.nia.gov.cn/n147418/n147463/c183390/content.html,,unverified,,
CY,HK,vf,90,,https://www.immd.gov.hk/eng/services/visas/visit-transit/visit-visa-entry-permit.html,,unverified,,
CY,KY,vf,,,https://gov.ky/web/cbc/travel/visas-extensions/visitors-visas/list-of-countries-visa-required,,unverified,,
CY,MO,vf,90,,https://www.gov.mo/en/services/ps-1474/ps-1474b/,,unverified,,
CY,NZ,ev,90,,https://www.immigration.govt.nz/visit/what-you-need-to-visit-new-zealand/visa-waiver-countries-and-territories/,,unverified,,
CY,RU,ev,30,,https://dublin.kdmid.ru/en/consular-functions/visas/electronic-visa-e-visa/,,unverified,,
CY,SA,ev,90,,https://visa.visitsaudi.com/,,unverified,,
CY,TC,vf,,,https://borderforce.gov.tc/entry-requirements,,unverified,,
CY,TW,vf,90,,https://www.boca.gov.tw/cp-149-4486-7785a-2.html,,unverified,,
CY,VG,vr,,,https://www.bvitourism.com/travel/visas,,unverified,,
CZ,AM,vf,180,,https://www.mfa.am/en/visafreelist,,unverified,,
CZ,BY,vf,30,,https://mfa.gov.by/kcfinder/upload/files/GKU/21.10.17_List_countries_eng.pdf,,unverified,,
CZ,CL,vf,,,https://www.consulado.gob.cl/consulados/site/docs/20190220/20190220161313/cuadro_de_visas_corregido060326.pdf,,unverified,,
CZ,HK,vf,90,,https://www.immd.gov.hk/eng/services/visas/visit-transit/visit-visa-entry-permit.html,,unverified,,
CZ,KY,vf,,,https://gov.ky/web/cbc/travel/visas-extensions/visitors-visas/list-of-countries-visa-required,,unverified,,
CZ,RU,ev,30,,https://dublin.kdmid.ru/en/consular-functions/visas/electronic-visa-e-visa/,,unverified,,
CZ,SA,ev,90,,https://visa.visitsaudi.com/,,unverified,,
CZ,TC,vf,,,https://borderforce.gov.tc/entry-requirements,,unverified,,
CZ,TW,vf,90,,https://www.boca.gov.tw/cp-149-4486-7785a-2.html,,unverified,,
DE,AM,vf,180,,https://www.mfa.am/en/visafreelist,,unverified,,
DE,BY,vf,30,,https://mfa.gov.by/kcfinder/upload/files/GKU/21.10.17_List_countries_eng.pdf,,unverified,,
DE,CL,vf,,,https://www.consulado.gob.cl/consulados/site/docs/20190220/20190220161313/cuadro_de_visas_corregido060326.pdf,,unverified,,
DE,CN,vf,30,,https://en.nia.gov.cn/n147418/n147463/c183390/content.html,,unverified,,
DE,HK,vf,90,,https://www.immd.gov.hk/eng/services/visas/visit-transit/visit-visa-entry-permit.html,,unverified,,
DE,KY,vf,,,https://gov.ky/web/cbc/travel/visas-extensions/visitors-visas/list-of-countries-visa-required,,unverified,,
DE,MO,vf,30,,https://www.gov.mo/en/services/ps-1474/ps-1474b/,,unverified,,
DE,NZ,ev,90,,https://www.immigration.govt.nz/visit/what-you-need-to-visit-new-zealand/visa-waiver-countries-and-territories/,,unverified,,
DE,RU,ev,30,,https://dublin.kdmid.ru/en/consular-functions/visas/electronic-visa-e-visa/,,unverified,,
DE,SA,ev,90,,https://visa.visitsaudi.com/,,unverified,,
DE,TC,vf,,,https://borderforce.gov.tc/entry-requirements,,unverified,,
DE,TW,vf,90,,https://www.boca.gov.tw/cp-149-4486-7785a-2.html,,unverified,,
DJ,CL,vr,,,https://www.consulado.gob.cl/consulados/site/docs/20190220/20190220161313/cuadro_de_visas_corregido060326.pdf,,unverified,,
DJ,GB,vr,,,https://www.gov.uk/guidance/immigration-rules/immigration-rules-appendix-visitor-visa-national-list,,unverified,,
DJ,HK,vf,14,,https://www.immd.gov.hk/eng/services/visas/visit-transit/visit-visa-entry-permit.html,,unverified,,
DJ,KY,vr,,,https://gov.ky/web/cbc/travel/visas-extensions/visitors-visas/list-of-countries-visa-required,,unverified,,
DJ,MY,vr,,,https://www.imi.gov.my/index.php/en/main-services/visa/visa-requirement-by-country/,,unverified,,
DJ,VG,vr,,,https://www.bvitourism.com/travel/visas,,unverified,,
DK,AM,vf,180,,https://www.mfa.am/en/visafreelist,,unverified,,
DK,BY,vf,30,,https://mfa.gov.by/kcfinder/upload/files/GKU/21.10.17_List_countries_eng.pdf,,unverified,,
DK,CL,vf,,,https://www.consulado.gob.cl/consulados/site/docs/20190220/20190220161313/cuadro_de_visas_corregido060326.pdf,,unverified,,
DK,CN,vf,30,,https://en.nia.gov.cn/n147418/n147463/c183390/content.html,,unverified,,
DK,HK,vf,90,,https://www.immd.gov.hk/eng/services/visas/visit-transit/visit-visa-entry-permit.html,,unverified,,
DK,MO,vf,30,,https://www.gov.mo/en/services/ps-1474/ps-1474b/,,unverified,,
DK,NZ,ev,90,,https://www.immigration.govt.nz/visit/what-you-need-to-visit-new-zealand/visa-waiver-countries-and-territories/,,unverified,,
DK,RU,ev,30,,https://dublin.kdmid.ru/en/consular-functions/visas/electronic-visa-e-visa/,,unverified,,
DK,SA,ev,90,,https://visa.visitsaudi.com/,,unverified,,
DK,TC,vf,,,https://borderforce.gov.tc/entry-requirements,,unverified,,
DK,TW,vf,90,,https://www.boca.gov.tw/cp-149-4486-7785a-2.html,,unverified,,
DM,BY,vf,30,,https://mfa.gov.by/kcfinder/upload/files/GKU/21.10.17_List_countries_eng.pdf,,unverified,,
DM,CL,vr,,,https://www.consulado.gob.cl/consulados/site/docs/20190220/20190220161313/cuadro_de_visas_corregido060326.pdf,,unverified,,
DM,GB,vr,,,https://www.gov.uk/guidance/immigration-rules/immigration-rules-appendix-visitor-visa-national-list,,unverified,,
DM,HK,vf,90,,https://www.immd.gov.hk/eng/services/visas/visit-transit/visit-visa-entry-permit.html,,unverified,,
DM,KY,vf,,,https://gov.ky/web/cbc/travel/visas-extensions/visitors-visas/list-of-countries-visa-required,,unverified,,
DM,MO,vf,30,,https://www.gov.mo/en/services/ps-1474/ps-1474b/,,unverified,,
DM,TC,vf,,,https://borderforce.gov.tc/entry-requirements,,unverified,,
DO,CL,vr,,,https://www.consulado.gob.cl/consulados/site/docs/20190220/20190220161313/cuadro_de_visas_corregido060326.pdf,,unverified,,
DO,GB,vr,,,https://www.gov.uk/guidance/immigration-rules/immigration-rules-appendix-visitor-visa-national-list,,unverified,,
DO,HK,vf,30,,https://www.immd.gov.hk/eng/services/visas/visit-transit/visit-visa-entry-permit.html,,unverified,,
DO,KY,vr,,,https://gov.ky/web/cbc/travel/visas-extensions/visitors-visas/list-of-countries-visa-required,,unverified,,
DO,TW,vf,30,,https://www.boca.gov.tw/cp-149-4486-7785a-2.html,,unverified,,
DO,VG,vr,,,https://www.bvitourism.com/travel/visas,,unverified,,
DZ,CL,vr,,,https://www.consulado.gob.cl/consulados/site/docs/20190220/20190220161313/cuadro_de_visas_corregido060326.pdf,,unverified,,
DZ,GB,vr,,,https://www.gov.uk/guidance/immigration-rules/immigration-rules-appendix-visitor-visa-national-list,,unverified,,
DZ,HK,vf,14,,https://www.immd.gov.hk/eng/services/visas/visit-transit/visit-visa-entry-permit.html,,unverified,,
DZ,KY,vr,,,https://gov.ky/web/cbc/travel/visas-extensions/visitors-visas/list-of-countries-visa-required,,unverified,,
DZ,SG,vr,,,https://www.ica.gov.sg/enter-transit-depart/entering-singapore/visa_requirements,,unverified,,
DZ,VG,vr,,,https://www.bvitourism.com/travel/visas,,unverified,,
EC,CL,vf,,,https://www.consulado.gob.cl/consulados/site/docs/20190220/20190220161313/cuadro_de_visas_corregido060326.pdf,,unverified,,
EC,GB,vr,,,https://www.gov.uk/guidance/immigration-rules/immigration-rules-appendix-visitor-visa-national-list,,unverified,,
EC,HK,vf,90,,https://www.immd.gov.hk/eng/services/visas/visit-transit/visit-visa-entry-permit.html,,unverified,,
EC,KY,vf,,,https://gov.ky/web/cbc/travel/visas-extensions/visitors-visas/list-of-countries-visa-required,,unverified,,
EC,TC,vf,,,https://borderforce.gov.tc/entry-requirements,,unverified,,
EE,AM,vf,180,,https://www.mfa.am/en/visafreelist,,unverified,,
EE,BY,vf,30,,https://mfa.gov.by/kcfinder/upload/files/GKU/21.10.17_List_countries_eng.pdf,,unverified,,
EE,CL,vf,,,https://www.consulado.gob.cl/consulados/site/docs/20190220/20190220161313/cuadro_de_visas_corregido060326.pdf,,unverified,,
EE,CN,vf,30,,https://en.nia.gov.cn/n147418/n147463/c183390/content.html,,unverified,,
EE,HK,vf,90,,https://www.immd.gov.hk/eng/services/visas/visit-transit/visit-visa-entry-permit.html,,unverified,,
EE,KY,vf,,,https://gov.ky/web/cbc/travel/visas-extensions/visitors-visas/list-of-countries-visa-required,,unverified,,
EE,MO,vf,30,,https://www.gov.mo/en/services/ps-1474/ps-1474b/,,unverified,,
EE,NZ,ev,90,,https://www.immigration.govt.nz/visit/what-you-need-to-visit-new-zealand/visa-waiver-countries-and-territories/,,unverified,,
EE,RU,ev,30,,https://dublin.kdmid.ru/en/consular-functions/visas/electronic-visa-e-visa/,,unverified,,
EE,SA,ev,90,,https://visa.visitsaudi.com/,,unverified,,
EE,TC,vf,,,https://borderforce.gov.tc/entry-requirements,,unverified,,
EE,TW,vf,90,,https://www.boca.gov.tw/cp-149-4486-7785a-2.html,,unverified,,
EG,BY,vf,30,,https://mfa.gov.by/kcfinder/upload/files/GKU/21.10.17_List_countries_eng.pdf,,unverified,,
EG,CL,vr,,,https://www.consulado.gob.cl/consulados/site/docs/20190220/20190220161313/cuadro_de_visas_corregido060326.pdf,,unverified,,
EG,GB,vr,,,https://www.gov.uk/guidance/immigration-rules/immigration-rules-appendix-visitor-visa-national-list,,unverified,,
EG,HK,vf,90,,https://www.immd.gov.hk/eng/services/visas/visit-transit/visit-visa-entry-permit.html,,unverified,,
EG,KY,vr,,,https://gov.ky/web/cbc/travel/visas-extensions/visitors-visas/list-of-countries-visa-required,,unverified,,
EG,MO,vf,30,,https://www.gov.mo/en/services/ps-1474/ps-1474b/,,unverified,,
EG,SG,vr,,,https://www.ica.gov.sg/enter-transit-depart/entering-singapore/visa_requirements,,unverified,,
EG,VG,vr,,,https://www.bvitourism.com/travel/visas,,unverified,,
ER,CL,vr,,,https://www.consulado.gob.cl/consulados/site/docs/20190220/20190220161313/cuadro_de_visas_corregido060326.pdf,,unverified,,
ER,GB,vr,,,https://www.gov.uk/guidance/immigration-rules/immigration-rules-appendix-visitor-visa-national-list,,unverified,,
ER,HK,vr,,,https://www.immd.gov.hk/eng/services/visas/visit-transit/visit-visa-entry-permit.html,,unverified,,
ER,KY,vr,,,https://gov.ky/web/cbc/travel/visas-extensions/visitors-visas/list-of-countries-visa-required,,unverified,,
ER,MY,vr,,,https://www.imi.gov.my/index.php/en/main-services/visa/visa-requirement-by-country/,,unverified,,
ER,VG,vr,,,https://www.bvitourism.com/travel/visas,,unverified,,
ES,AM,vf,180,,https://www.mfa.am/en/visafreelist,,unverified,,
ES,BY,vf,30,,https://mfa.gov.by/kcfinder/upload/files/GKU/21.10.17_List_countries_eng.pdf,,unverified,,
ES,CL,vf,,,https://www.consulado.gob.cl/consulados/site/docs/20190220/20190220161313/cuadro_de_visas_corregido060326.pdf,,unverified,,
ES,CN,vf,30,,https://en.nia.gov.cn/n147418/n147463/c183390/content.html,,unverified,,
ES,HK,vf,90,,https://www.immd.gov.hk/eng/services/visas/visit-transit/visit-visa-entry-permit.html,,unverified,,
ES,KY,vf,,,https://gov.ky/web/cbc/travel/visas-extensions/visitors-visas/list-of-countries-visa-required,,unverified,,
ES,MO,vf,30,,https://www.gov.mo/en/services/ps-1474/ps-1474b/,,unverified,,
ES,NZ,ev,90,,https://www.immigration.govt.nz/visit/what-you-need-to-visit-new-zealand/visa-waiver-countries-and-territories/,,unverified,,
ES,RU,ev,30,,https://dublin.kdmid.ru/en/consular-functions/visas/electronic-visa-e-visa/,,unverified,,
ES,SA,ev,90,,https://visa.visitsaudi.com/,,unverified,,
ES,TC,vf,,,https://borderforce.gov.tc/entry-requirements,,unverified,,
ES,TW,vf,90,,https://www.boca.gov.tw/cp-149-4486-7785a-2.html,,unverified,,
ET,CL,vr,,,https://www.consulado.gob.cl/consulados/site/docs/20190220/20190220161313/cuadro_de_visas_corregido060326.pdf,,unverified,,
ET,GB,vr,,,https://www.gov.uk/guidance/immigration-rules/immigration-rules-appendix-visitor-visa-national-list,,unverified,,
ET,HK,vr,,,https://www.immd.gov.hk/eng/services/visas/visit-transit/visit-visa-entry-permit.html,,unverified,,
ET,KY,vr,,,https://gov.ky/web/cbc/travel/visas-extensions/visitors-visas/list-of-countries-visa-required,,unverified,,
ET,MY,vr,,,https://www.imi.gov.my/index.php/en/main-services/visa/visa-requirement-by-country/,,unverified,,
ET,VG,vr,,,https://www.bvitourism.com/travel/visas,,unverified,,
FI,AM,vf,180,,https://www.mfa.am/en/visafreelist,,unverified,,
FI,BY,vf,30,,https://mfa.gov.by/kcfinder/upload/files/GKU/21.10.17_List_countries_eng.pdf,,unverified,,
FI,CL,vf,,,https://www.consulado.gob.cl/consulados/site/docs/20190220/20190220161313/cuadro_de_visas_corregido060326.pdf,,unverified,,
FI,CN,vf,30,,https://en.nia.gov.cn/n147418/n147463/c183390/content.html,,unverified,,
FI,HK,vf,90,,https://www.immd.gov.hk/eng/services/visas/visit-transit/visit-visa-entry-permit.html,,unverified,,
FI,KY,vf,,,https://gov.ky/web/cbc/travel/visas-extensions/visitors-visas/list-of-countries-visa-required,,unverified,,
FI,MO,vf,30,,https://www.gov.mo/en/services/ps-1474/ps-1474b/,,unverified,,
FI,NZ,ev,90,,https://www.immigration.govt.nz/visit/what-you-need-to-visit-new-zealand/visa-waiver-countries-and-territories/,,unverified,,
FI,RU,ev,30,,https://dublin.kdmid.ru/en/consular-functions/visas/electronic-visa-e-visa/,,unverified,,
FI,SA,ev,90,,https://visa.visitsaudi.com/,,unverified,,
FI,TC,vf,,,https://borderforce.gov.tc/entry-requirements,,unverified,,
FI,TW,vf,90,,https://www.boca.gov.tw/cp-149-4486-7785a-2.html,,unverified,,
FJ,CL,vf,,,https://www.consulado.gob.cl/consulados/site/docs/20190220/20190220161313/cuadro_de_visas_corregido060326.pdf,,unverified,,
FJ,GB,vr,,,https://www.gov.uk/guidance/immigration-rules/immigration-rules-appendix-visitor-visa-national-list,,unverified,,
FJ,HK,vf,90,,https://www.immd.gov.hk/eng/services/visas/visit-transit/visit-visa-entry-permit.html,,unverified,,
FJ,KY,vf,,,https://gov.ky/web/cbc/travel/visas-extensions/visitors-visas/list-of-countries-visa-required,,unverified,,
FJ,TC,vf,,,https://borderforce.gov.tc/entry-requirements,,unverified,,
FM,BY,vf,30,,https://mfa.gov.by/kcfinder/upload/files/GKU/21.10.17_List_countries_eng.pdf,,unverified,,
FM,CL,vr,,,https://www.consulado.gob.cl/consulados/site/docs/20190220/20190220161313/cuadro_de_visas_corregido060326.pdf,,unverified,,
FM,HK,vf,14,,https://www.immd.gov.hk/eng/services/visas/visit-transit/visit-visa-entry-permit.html,,unverified,,
FM,KY,vr,,,https://gov.ky/web/cbc/travel/visas-extensions/visitors-visas/list-of-countries-visa-required,,unverified,,
FR,AM,vf,180,,https://www.mfa.am/en/visafreelist,,unverified,,
FR,BY,vf,30,,https://mfa.gov.by/kcfinder/upload/files/GKU/21.10.17_List_countries_eng.pdf,,unverified,,
FR,CL,vf,,,https://www.consulado.gob.cl/consulados/site/docs/20190220/20190220161313/cuadro_de_visas_corregido060326.pdf,,unverified,,
FR,CN,vf,30,,https://en.nia.gov.cn/n147418/n147463/c183390/content.html,,unverified,,
FR,HK,vf,90,,https://www.immd.gov.hk/eng/services/visas/visit-transit/visit-visa-entry-permit.html,,unverified,,
FR,KY,vf,,,https://gov.ky/web/cbc/travel/visas-extensions/visitors-visas/list-of-countries-visa-required,,unverified,,
FR,MO,vf,30,,https://www.gov.mo/en/services/ps-1474/ps-1474b/,,unverified,,
FR,NZ,ev,90,,https://www.immigration.govt.nz/visit/what-you-need-to-visit-new-zealand/visa-waiver-countries-and-territories/,,unverified,,
FR,RU,ev,30,,https://dublin.kdmid.ru/en/consular-functions/visas/electronic-visa-e-visa/,,unverified,,
FR,SA,ev,90,,https://visa.visitsaudi.com/,,unverified,,
FR,TC,vf,,,https://borderforce.gov.tc/entry-requirements,,unverified,,
FR,TW,vf,90,,https://www.boca.gov.tw/cp-149-4486-7785a-2.html,,unverified,,
GA,CL,vr,,,https://www.consulado.gob.cl/consulados/site/docs/20190220/20190220161313/cuadro_de_visas_corregido060326.pdf,,unverified,,
GA,GB,vr,,,https://www.gov.uk/guidance/immigration-rules/immigration-rules-appendix-visitor-visa-national-list,,unverified,,
GA,HK,vf,14,,https://www.immd.gov.hk/eng/services/visas/visit-transit/visit-visa-entry-permit.html,,unverified,,
GA,KY,vr,,,https://gov.ky/web/cbc/travel/visas-extensions/visitors-visas/list-of-countries-visa-required,,unverified,,
GA,VG,vr,,,https://www.bvitourism.com/travel/visas,,unverified,,
GB,AM,vf,180,,https://www.mfa.am/en/visafreelist,,unverified,,
GB,BY,vf,30,,https://mfa.gov.by/kcfinder/upload/files/GKU/21.10.17_List_countries_eng.pdf,,unverified,,
GB,CL,vf,,,https://www.consulado.gob.cl/consulados/site/docs/20190220/20190220161313/cuadro_de_visas_corregido060326.pdf,,unverified,,
GB,CN,vf,30,,https://en.nia.gov.cn/n147418/n147463/c183390/content.html,,unverified,,
GB,HK,vf,180,,https://www.immd.gov.hk/eng/services/visas/visit-transit/visit-visa-entry-permit.html,,unverified,,
GB,MO,vf,180,,https://www.gov.mo/en/services/ps-1474/ps-1474b/,,unverified,,
GB,NZ,ev,90,,https://www.immigration.govt.nz/visit/what-you-need-to-visit-new-zealand/visa-waiver-countries-and-territories/,,unverified,,
GB,SA,ev,90,,https://visa.visitsaudi.com/,,unverified,,
GB,TW,vf,90,,https://www.boca.gov.tw/cp-149-4486-7785a-2.html,,unverified,,
GD,CL,vf,,,https://www.consulado.gob.cl/consulados/site/docs/20190220/20190220161313/cuadro_de_visas_corregido060326.pdf,,unverified,,
GD,HK,vf,90,,https://www.immd.gov.hk/eng/services/visas/visit-transit/visit-visa-entry-permit.html,,unverified,,
GD,KY,vf,,,https://gov.ky/web/cbc/travel/visas-extensions/visitors-visas/list-of-countries-visa-required,,unverified,,
GD,MO,vf,30,,https://www.gov.mo/en/services/ps-1474/ps-1474b/,,unverified,,
GD,SA,ev,90,,https://visa.visitsaudi.com/,,unverified,,
GD,TC,vf,,,https://borderforce.gov.tc/entry-requirements,,unverified,,
GE,CL,vf,,,https://www.consulado.gob.cl/consulados/site/docs/20190220/20190220161313/cuadro_de_visas_corregido060326.pdf,,unverified,,
GE,GB,vr,,,https://www.gov.uk/guidance/immigration-rules/immigration-rules-appendix-visitor-visa-national-list,,unverified,,
GE,HK,vf,30,,https://www.immd.gov.hk/eng/services/visas/visit-transit/visit-visa-entry-permit.html,,unverified,,
GE,KY,vr,,,https://gov.ky/web/cbc/travel/visas-extensions/visitors-visas/list-of-countries-visa-required,,unverified,,
GE,SA,ev,90,,https://visa.visitsaudi.com/,,unverified,,
GE,SG,vr,,,https://www.ica.gov.sg/enter-transit-depart/entering-singapore/visa_requirements,,unverified,,
GE,VG,vr,,,https://www.bvitourism.com/travel/visas,,unverified,,
GH,CL,vr,,,https://www.consulado.gob.cl/consulados/site/docs/20190220/20190220161313/cuadro_de_visas_corregido060326.pdf,,unverified,,
GH,GB,vr,,,https://www.gov.uk/guidance/immigration-rules/immigration-rules-appendix-visitor-visa-national-list,,unverified,,
GH,HK,vr,,,https://www.immd.gov.hk/eng/services/visas/visit-transit/visit-visa-entry-permit.html,,unverified,,
GH,KY,vr,,,https://gov.ky/web/cbc/travel/visas-extensions/visitors-visas/list-of-countries-visa-required,,unverified,,
GH,MY,vr,,,https://www.imi.gov.my/index.php/en/main-services/visa/visa-requirement-by-country/,,unverified,,
GM,BY,vf,30,,https://mfa.gov.by/kcfinder/upload/files/GKU/21.10.17_List_countries_eng.pdf,,unverified,,
GM,CL,vr,,,https://www.consulado.gob.cl/consulados/site/docs/20190220/20190220161313/cuadro_de_visas_corregido060326.pdf,,unverified,,
GM,GB,vr,,,https://www.gov.uk/guidance/immigration-rules/immigration-rules-appendix-visitor-visa-national-list,,unverified,,
GM,HK,vr,,,https://www.immd.gov.hk/eng/services/visas/visit-transit/visit-visa-entry-permit.html,,unverified,,
GM,KY,vr,,,https://gov.ky/web/cbc/travel/visas-extensions/visitors-visas/list-of-countries-visa-required,,unverified,,
GN,CL,vr,,,https://www.consulado.gob.cl/consulados/site/docs/20190220/20190220161313/cuadro_de_visas_corregido060326.pdf,,unverified,,
GN,GB,vr,,,https://www.gov.uk/guidance/immigration-rules/immigration-rules-appendix-visitor-visa-national-list,,unverified,,
GN,HK,vf,14,,https://www.immd.gov.hk/eng/services/visas/visit-transit/visit-visa-entry-permit.html,,unverified,,
GN,KY,vr,,,https://gov.ky/web/cbc/travel/visas-extensions/visitors-visas/list-of-countries-visa-required,,unverified,,
GN,VG,vr,,,https://www.bvitourism.com/travel/visas,,unverified,,
GQ,CL,vr,,,https://www.consulado.gob.cl/consulados/site/docs/20190220/20190220161313/cuadro_de_visas_corregido060326.pdf,,unverified,,
GQ,GB,vr,,,https://www.gov.uk/guidance/immigration-rules/immigration-rules-appendix-visitor-visa-national-list,,unverified,,
GQ,HK,vf,14,,https://www.immd.gov.hk/eng/services/visas/visit-transit/visit-visa-entry-permit.html,,unverified,,
GQ,KY,vr,,,https://gov.ky/web/cbc/travel/visas-extensions/visitors-visas/list-of-countries-visa-required,,unverified,,
GQ,MY,vr,,,https://www.imi.gov.my/index.php/en/main-services/visa/visa-requirement-by-country/,,unverified,,
GQ,VG,vr,,,https://www.bvitourism.com/travel/visas,,unverified,,
GR,AM,vf,180,,https://www.mfa.am/en/visafreelist,,unverified,,
GR,BY,vf,30,,https://mfa.gov.by/kcfinder/upload/files/GKU/21.10.17_List_countries_eng.pdf,,unverified,,
GR,CL,vf,,,https://www.consulado.gob.cl/consulados/site/docs/20190220/20190220161313/cuadro_de_visas_corregido060326.pdf,,unverified,,
GR,CN,vf,30,,https://en.nia.gov.cn/n147418/n147463/c183390/content.html,,unverified,,
GR,HK,vf,90,,https://www.immd.gov.hk/eng/services/visas/visit-transit/visit-visa-entry-permit.html,,unverified,,
GR,KY,vf,,,https://gov.ky/web/cbc/travel/visas-extensions/visitors-visas/list-of-countries-visa-required,,unverified,,
GR,MO,vf,30,,https://www.gov.mo/en/services/ps-1474/ps-1474b/,,unverified,,
GR,NZ,ev,90,,https://www.immigration.govt.nz/visit/what-you-need-to-visit-new-zealand/visa-waiver-countries-and-territories/,,unverified,,
GR,RU,ev,30,,https://dublin.kdmid.ru/en/consular-functions/visas/electronic-visa-e-visa/,,unverified,,
GR,SA,ev,90,,https://visa.visitsaudi.com/,,unverified,,
GR,TC,vf,,,https://borderforce.gov.tc/entry-requirements,,unverified,,
GR,TW,vf,90,,https://www.boca.gov.tw/cp-149-4486-7785a-2.html,,unverified,,
GT,CL,vf,,,https://www.consulado.gob.cl/consulados/site/docs/20190220/20190220161313/cuadro_de_visas_corregido060326.pdf,,unverified,,
GT,HK,vf,30,,https://www.immd.gov.hk/eng/services/visas/visit-transit/visit-visa-entry-permit.html,,unverified,,
GT,KY,vr,,,https://gov.ky/web/cbc/travel/visas-extensions/visitors-visas/list-of-countries-visa-required,,unverified,,
GT,TW,vf,90,,https://www.boca.gov.tw/cp-149-4486-7785a-2.html,,unverified,,
GW,CL,vr,,,https://www.consulado.gob.cl/consulados/site/docs/20190220/20190220161313/cuadro_de_visas_corregido060326.pdf,,unverified,,
GW,HK,vr,,,https://www.immd.gov.hk/eng/services/visas/visit-transit/visit-visa-entry-permit.html,,unverified,,
GW,KY,vr,,,https://gov.ky/web/cbc/travel/visas-extensions/visitors-visas/list-of-countries-visa-required,,unverified,,
GW,MY,vr,,,https://www.imi.gov.my/index.php/en/main-services/visa/visa-requirement-by-country/,,unverified,,
GW,VG,vr,,,https://www.bvitourism.com/travel/visas,,unverified,,
GY,CL,vf,,,https://www.consulado.gob.cl/consulados/site/docs/20190220/20190220161313/cuadro_de_visas_corregido060326.pdf,,unverified,,
GY,HK,vf,90,,https://www.immd.gov.hk/eng/services/visas/visit-transit/visit-visa-entry-permit.html,,unverified,,
GY,KY,vf,,,https://gov.ky/web/cbc/travel/visas-extensions/visitors-visas/list-of-countries-visa-required,,unverified,,
GY,TC,vf,,,https://borderforce.gov.tc/entry-requirements,,unverified,,
GY,VG,vr,,,https://www.bvitourism.com/travel/visas,,unverified,,
HK,CL,vf,,,https://www.consulado.gob.cl/consulados/site/docs/20190220/20190220161313/cuadro_de_visas_corregido060326.pdf,,unverified,,
HK,NZ,ev,90,,https://www.immigration.govt.nz/visit/what-you-need-to-visit-new-zealand/visa-waiver-countries-and-territories/,,unverified,,
HK,TC,vf,,,https://borderforce.gov.tc/entry-requirements,,unverified,,
HN,CL,vf,,,https://www.consulado.gob.cl/consulados/site/docs/20190220/20190220161313/cuadro_de_visas_corregido060326.pdf,,unverified,,
HN,GB,vr,,,https://www.gov.uk/guidance/immigration-rules/immigration-rules-appendix-visitor-visa-national-list,,unverified,,
HN,HK,vf,30,,https://www.immd.gov.hk/eng/services/visas/visit-transit/visit-visa-entry-permit.html,,unverified,,
HN,KY,vr,,,https://gov.ky/web/cbc/travel/visas-extensions/visitors-visas/list-of-countries-visa-required,,unverified,,
HN,TW,vf,90,,https://www.boca.gov.tw/cp-149-4486-7785a-2.html,,unverified,,
HR,AM,vf,180,,https://www.mfa.am/en/visafreelist,,unverified,,
HR,BY,vf,30,,https://mfa.gov.by/kcfinder/upload/files/GKU/21.10.17_List_countries_eng.pdf,,unverified,,
HR,CL,vf,,,https://www.consulado.gob.cl/consulados/site/docs/20190220/20190220161313/cuadro_de_visas_corregido060326.pdf,,unverified,,
HR,CN,vf,30,,https://en.nia.gov.cn/n147418/n147463/c183390/content.html,,unverified,,
HR,HK,vf,90,,https://www.immd.gov.hk/eng/services/visas/visit-transit/visit-visa-entry-permit.html,,unverified,,
HR,KY,vf,,,https://gov.ky/web/cbc/travel/visas-extensions/visitors-visas/list-of-countries-visa-required,,unverified,,
HR,MO,vf,30,,https://www.gov.mo/en/services/ps-1474/ps-1474b/,,unverified,,
HR,NZ,ev,90,,https://www.immigration.govt.nz/visit/what-you-need-to-visit-new-zealand/visa-waiver-countries-and-territories/,,unverified,,
HR,RU,ev,30,,https://dublin.kdmid.ru/en/consular-functions/visas/electronic-visa-e-visa/,,unverified,,
HR,SA,ev,90,,https://visa.visitsaudi.com/,,unverified,,
HR,TC,vf,,,https://borderforce.gov.tc/entry-requirements,,unverified,,
HR,TW,vf,90,,https://www.boca.gov.tw/cp-149-4486-7785a-2.html,,unverified,,
HT,BY,vf,30,,https://mfa.gov.by/kcfinder/upload/files/GKU/21.10.17_List_countries_eng.pdf,,unverified,,
HT,CL,vr,,,https://www.consulado.gob.cl/consulados/site/docs/20190220/20190220161313/cuadro_de_visas_corregido060326.pdf,,unverified,,
HT,GB,vr,,,https://www.gov.uk/guidance/immigration-rules/immigration-rules-appendix-visitor-visa-national-list,,unverified,,
HT,HK,vf,14,,https://www.immd.gov.hk/eng/services/visas/visit-transit/visit-visa-entry-permit.html,,unverified,,
HT,KY,vr,,,https://gov.ky/web/cbc/travel/visas-extensions/visitors-visas/list-of-countries-visa-required,,unverified,,
HT,VG,vr,,,https://www.bvitourism.com/travel/visas,,unverified,,
HU,AM,vf,180,,https://www.mfa.am/en/visafreelist,,unverified,,
HU,BY,vf,30,,https://mfa.gov.by/kcfinder/upload/files/GKU/21.10.17_List_countries_eng.pdf,,unverified,,
HU,CL,vf,,,https://www.consulado.gob.cl/consulados/site/docs/20190220/20190220161313/cuadro_de_visas_corregido060326.pdf,,unverified,,
HU,CN,vf,30,,https://en.nia.gov.cn/n147418/n147463/c183390/content.html,,unverified,,
HU,HK,vf,90,,https://www.immd.gov.hk/eng/services/visas/visit-transit/visit-visa-entry-permit.html,,unverified,,
HU,KY,vf,,,https://gov.ky/web/cbc/travel/visas-extensions/visitors-visas/list-of-countries-visa-required,,unverified,,
HU,MO,vf,30,,https://www.gov.mo/en/services/ps-1474/ps-1474b/,,unverified,,
HU,NZ,ev,90,,https://www.immigration.govt.nz/visit/what-you-need-to-visit-new-zealand/visa-waiver-countries-and-territories/,,unverified,,
HU,RU,ev,30,,https://dublin.kdmid.ru/en/consular-functions/visas/electronic-visa-e-visa/,,unverified,,
HU,SA,ev,90,,https://visa.visitsaudi.com/,,unverified,,
HU,TC,vf,,,https://borderforce.gov.tc/entry-requirements,,unverified,,
HU,TW,vf,90,,https://www.boca.gov.tw/cp-149-4486-7785a-2.html,,unverified,,
ID,BY,vf,30,,https://mfa.gov.by/kcfinder/upload/files/GKU/21.10.17_List_countries_eng.pdf,,unverified,,
ID,CL,vf,,,https://www.consulado.gob.cl/consulados/site/docs/20190220/20190220161313/cuadro_de_visas_corregido060326.pdf,,unverified,,
ID,GB,vr,,,https://www.gov.uk/guidance/immigration-rules/immigration-rules-appendix-visitor-visa-national-list,,unverified,,
ID,HK,vf,30,,https://www.immd.gov.hk/eng/services/visas/visit-transit/visit-visa-entry-permit.html,,unverified,,
ID,KY,vr,,,https://gov.ky/web/cbc/travel/visas-extensions/visitors-visas/list-of-countries-visa-required,,unverified,,
ID,MO,vf,30,,https://www.gov.mo/en/services/ps-1474/ps-1474b/,,unverified,,
ID,RU,ev,30,,https://dublin.kdmid.ru/en/consular-functions/visas/electronic-visa-e-visa/,,unverified,,
ID,VG,vr,,,https://www.bvitourism.com/travel/visas,,unverified,,
IE,AM,vf,180,,https://www.mfa.am/en/visafreelist,,unverified,,
IE,BY,vf,30,,https://mfa.gov.by/kcfinder/upload/files/GKU/21.10.17_List_countries_eng.pdf,,unverified,,
IE,CL,vf,,,https://www.consulado.gob.cl/consulados/site/docs/20190220/20190220161313/cuadro_de_visas_corregido060326.pdf,,unverified,,
IE,CN,vf,30,,https://en.nia.gov.cn/n147418/n147463/c183390/content.html,,unverified,,
IE,HK,vf,90,,https://www.immd.gov.hk/eng/services/visas/visit-transit/visit-visa-entry-permit.html,,unverified,,
IE,KY,vf,,,https://gov.ky/web/cbc/travel/visas-extensions/visitors-visas/list-of-countries-visa-required,,unverified,,
IE,MO,vf,30,,https://www.gov.mo/en/services/ps-1474/ps-1474b/,,unverified,,
IE,NZ,ev,90,,https://www.immigration.govt.nz/visit/what-you-need-to-visit-new-zealand/visa-waiver-countries-and-territories/,,unverified,,
IE,RU,ev,30,,https://dublin.kdmid.ru/en/consular-functions/visas/electronic-visa-e-visa/,,unverified,,
IE,SA,ev,90,,https://visa.visitsaudi.com/,,unverified,,
IE,TC,vf,,,https://borderforce.gov.tc/entry-requirements,,unverified,,
IE,TW,vf,90,,https://www.boca.gov.tw/cp-149-4486-7785a-2.html,,unverified,,
IL,CL,vf,,,https://www.consulado.gob.cl/consulados/site/docs/20190220/20190220161313/cuadro_de_visas_corregido060326.pdf,,unverified,,
IL,HK,vf,90,,https://www.immd.gov.hk/eng/services/visas/visit-transit/visit-visa-entry-permit.html,,unverified,,
IL,KY,vf,,,https://gov.ky/web/cbc/travel/visas-extensions/visitors-visas/list-of-countries-visa-required,,unverified,,
IL,MO,vf,90,,https://www.gov.mo/en/services/ps-1474/ps-1474b/,,unverified,,
IL,NZ,ev,90,,https://www.immigration.govt.nz/visit/what-you-need-to-visit-new-zealand/visa-waiver-countries-and-territories/,,unverified,,
IL,TC,vf,,,https://borderforce.gov.tc/entry-requirements,,unverified,,
IL,TW,vf,90,,https://www.boca.gov.tw/cp-149-4486-7785a-2.html,,unverified,,
IL,VG,vr,,,https://www.bvitourism.com/travel/visas,,unverified,,
IN,BY,vf,30,,https://mfa.gov.by/kcfinder/upload/files/GKU/21.10.17_List_countries_eng.pdf,,unverified,,
IN,CL,vr,,,https://www.consulado.gob.cl/consulados/site/docs/20190220/20190220161313/cuadro_de_visas_corregido060326.pdf,,unverified,,
IN,GB,vr,,,https://www.gov.uk/guidance/immigration-rules/immigration-rules-appendix-visitor-visa-national-list,,unverified,,
IN,HK,vf,14,,https://www.immd.gov.hk/eng/services/visas/visit-transit/visit-visa-entry-permit.html,,unverified,,
IN,KY,vr,,,https://gov.ky/web/cbc/travel/visas-extensions/visitors-visas/list-of-countries-visa-required,,unverified,,
IN,MO,vf,30,,https://www.gov.mo/en/services/ps-1474/ps-1474b/,,unverified,,
IN,RU,ev,30,,https://dublin.kdmid.ru/en/consular-functions/visas/electronic-visa-e-visa/,,unverified,,
IN,SG,vr,,,https://www.ica.gov.sg/enter-transit-depart/entering-singapore/visa_requirements,,unverified,,
IQ,CL,vr,,,https://www.consulado.gob.cl/consulados/site/docs/20190220/20190220161313/cuadro_de_visas_corregido060326.pdf,,unverified,,
IQ,GB,vr,,,https://www.gov.uk/guidance/immigration-rules/immigration-rules-appendix-visitor-visa-national-list,,unverified,,
IQ,HK,vr,,,https://www.immd.gov.hk/eng/services/visas/visit-transit/visit-visa-entry-permit.html,,unverified,,
IQ,KY,vr,,,https://gov.ky/web/cbc/travel/visas-extensions/visitors-visas/list-of-countries-visa-required,,unverified,,
IQ,SG,vr,,,https://www.ica.gov.sg/enter-transit-depart/entering-singapore/visa_requirements,,unverified,,
IQ,VG,vr,,,https://www.bvitourism.com/travel/visas,,unverified,,
IR,BY,vf,30,,https://mfa.gov.by/kcfinder/upload/files/GKU/21.10.17_List_countries_eng.pdf,,unverified,,
IR,CL,vr,,,https://www.consulado.gob.cl/consulados/site/docs/20190220/20190220161313/cuadro_de_visas_corregido060326.pdf,,unverified,,
IR,GB,vr,,,https://www.gov.uk/guidance/immigration-rules/immigration-rules-appendix-visitor-visa-national-list,,unverified,,
IR,HK,vr,,,https://www.immd.gov.hk/eng/services/visas/visit-transit/visit-visa-entry-permit.html,,unverified,,
IR,KY,vr,,,https://gov.ky/web/cbc/travel/visas-extensions/visitors-visas/list-of-countries-visa-required,,unverified,,
IR,RU,ev,30,,https://dublin.kdmid.ru/en/consular-functions/visas/electronic-visa-e-visa/,,unverified,,
IR,SG,vr,,,https://www.ica.gov.sg/enter-transit-depart/entering-singapore/visa_requirements,,unverified,,
IR,VG,vr,,,https://www.bvitourism.com/travel/visas,,unverified,,
IS,AM,vf,180,,https://www.mfa.am/en/visafreelist,,unverified,,
IS,BY,vf,30,,https://mfa.gov.by/kcfinder/upload/files/GKU/21.10.17_List_countries_eng.pdf,,unverified,,
IS,CL,vf,,,https://www.consulado.gob.cl/consulados/site/docs/20190220/20190220161313/cuadro_de_visas_corregido060326.pdf,,unverified,,
IS,CN,vf,30,,https://en.nia.gov.cn/n147418/n147463/c183390/content.html,,unverified,,
IS,HK,vf,90,,https://www.immd.gov.hk/eng/services/visas/visit-transit/visit-visa-entry-permit.html,,unverified,,
IS,KY,vf,,,https://gov.ky/web/cbc/travel/visas-extensions/visitors-visas/list-of-countries-visa-required,,unverified,,
IS,MO,vf,30,,https://www.gov.mo/en/services/ps-1474/ps-1474b/,,unverified,,
IS,NZ,ev,90,,https://www.immigration.govt.nz/visit/what-you-need-to-visit-new-zealand/visa-waiver-countries-and-territories/,,unverified,,
IS,RU,ev,30,,https://dublin.kdmid.ru/en/consular-functions/visas/electronic-visa-e-visa/,,unverified,,
IS,SA,ev,90,,https://visa.visitsaudi.com/,,unverified,,
IS,TC,vf,,,https://borderforce.gov.tc/entry-requirements,,unverified,,
IS,TW,vf,90,,https://www.boca.gov.tw/cp-149-4486-7785a-2.html,,unverified,,
IT,AM,vf,180,,https://www.mfa.am/en/visafreelist,,unverified,,
IT,BY,vf,30,,https://mfa.gov.by/kcfinder/upload/files/GKU/21.10.17_List_countries_eng.pdf,,unverified,,
IT,CL,vf,,,https://www.consulado.gob.cl/consulados/site/docs/20190220/20190220161313/cuadro_de_visas_corregido060326.pdf,,unverified,,
IT,CN,vf,30,,https://en.nia.gov.cn/n147418/n147463/c183390/content.html,,unverified,,
IT,HK,vf,90,,https://www.immd.gov.hk/eng/services/visas/visit-transit/visit-visa-entry-permit.html,,unverified,,
IT,KY,vf,,,https://gov.ky/web/cbc/travel/visas-extensions/visitors-visas/list-of-countries-visa-required,,unverified,,
IT,MO,vf,30,,https://www.gov.mo/en/services/ps-1474/ps-1474b/,,unverified,,
IT,NZ,ev,90,,https://www.immigration.govt.nz/visit/what-you-need-to-visit-new-zealand/visa-waiver-countries-and-territories/,,unverified,,
IT,RU,ev,30,,https://dublin.kdmid.ru/en/consular-functions/visas/electronic-visa-e-visa/,,unverified,,
IT,SA,ev,90,,https://visa.visitsaudi.com/,,unverified,,
IT,TC,vf,,,https://borderforce.gov.tc/entry-requirements,,unverified,,
IT,TW,vf,90,,https://www.boca.gov.tw/cp-149-4486-7785a-2.html,,unverified,,
JM,CL,vf,,,https://www.consulado.gob.cl/consulados/site/docs/20190220/20190220161313/cuadro_de_visas_corregido060326.pdf,,unverified,,
JM,GB,vr,,,https://www.gov.uk/guidance/immigration-rules/immigration-rules-appendix-visitor-visa-national-list,,unverified,,
JM,HK,vf,90,,https://www.immd.gov.hk/eng/services/visas/visit-transit/visit-visa-entry-permit.html,,unverified,,
JM,KY,vr,,,https://gov.ky/web/cbc/travel/visas-extensions/visitors-visas/list-of-countries-visa-required,,unverified,,
JM,VG,vr,,,https://www.bvitourism.com/travel/visas,,unverified,,
JO,BY,vf,30,,https://mfa.gov.by/kcfinder/upload/files/GKU/21.10.17_List_countries_eng.pdf,,unverified,,
JO,CL,vr,,,https://www.consulado.gob.cl/consulados/site/docs/20190220/20190220161313/cuadro_de_visas_corregido060326.pdf,,unverified,,
JO,GB,vr,,,https://www.gov.uk/guidance/immigration-rules/immigration-rules-appendix-visitor-visa-national-list,,unverified,,
JO,HK,vf,30,,https://www.immd.gov.hk/eng/services/visas/visit-transit/visit-visa-entry-permit.html,,unverified,,
JO,KY,vr,,,https://gov.ky/web/cbc/travel/visas-extensions/visitors-visas/list-of-countries-visa-required,,unverified,,
JO,SG,vr,,,https://www.ica.gov.sg/enter-transit-depart/entering-singapore/visa_requirements,,unverified,,
JO,VG,vr,,,https://www.bvitourism.com/travel/visas,,unverified,,
JP,AM,vf,180,,https://www.mfa.am/en/visafreelist,,unverified,,
JP,BY,vf,30,,https://mfa.gov.by/kcfinder/upload/files/GKU/21.10.17_List_countries_eng.pdf,,unverified,,
JP,CL,vf,,,https://www.consulado.gob.cl/consulados/site/docs/20190220/20190220161313/cuadro_de_visas_corregido060326.pdf,,unverified,,
JP,CN,vf,30,,https://en.nia.gov.cn/n147418/n147463/c183390/content.html,,unverified,,
JP,HK,vf,90,,https://www.immd.gov.hk/eng/services/visas/visit-transit/visit-visa-entry-permit.html,,unverified,,
JP,KY,vf,,,https://gov.ky/web/cbc/travel/visas-extensions/visitors-visas/list-of-countries-visa-required,,unverified,,
JP,MO,vf,30,,https://www.gov.mo/en/services/ps-1474/ps-1474b/,,unverified,,
JP,NZ,ev,90,,https://www.immigration.govt.nz/visit/what-you-need-to-visit-new-zealand/visa-waiver-countries-and-territories/,,unverified,,
JP,RU,ev,30,,https://dublin.kdmid.ru/en/consular-functions/visas/electronic-visa-e-visa/,,unverified,,
JP,SA,ev,90,,https://visa.visitsaudi.com/,,unverified,,
JP,TC,vf,,,https://borderforce.gov.tc/entry-requirements,,unverified,,
JP,TW,vf,90,,https://www.boca.gov.tw/cp-149-4486-7785a-2.html,,unverified,,
KE,CL,vr,,,https://www.consulado.gob.cl/consulados/site/docs/20190220/20190220161313/cuadro_de_visas_corregido060326.pdf,,unverified,,
KE,GB,vr,,,https://www.gov.uk/guidance/immigration-rules/immigration-rules-appendix-visitor-visa-national-list,,unverified,,
KE,HK,vf,90,,https://www.immd.gov.hk/eng/services/visas/visit-transit/visit-visa-entry-permit.html,,unverified,,
KE,KY,vf,,,https://gov.ky/web/cbc/travel/visas-extensions/visitors-visas/list-of-countries-visa-required,,unverified,,
KG,CL,vr,,,https://www.consulado.gob.cl/consulados/site/docs/20190220/20190220161313/cuadro_de_visas_corregido060326.pdf,,unverified,,
KG,GB,vr,,,https://www.gov.uk/guidance/immigration-rules/immigration-rules-appendix-visitor-visa-national-list,,unverified,,
KG,HK,vr,,,https://www.immd.gov.hk/eng/services/visas/visit-transit/visit-visa-entry-permit.html,,unverified,,
KG,SA,ev,90,,https://visa.visitsaudi.com/,,unverified,,
KG,SG,vr,,,https://www.ica.gov.sg/enter-transit-depart/entering-singapore/visa_requirements,,unverified,,
KG,VG,vr,,,https://www.bvitourism.com/travel/visas,,unverified,,
KH,CL,vr,,,https://www.consulado.gob.cl/consulados/site/docs/20190220/20190220161313/cuadro_de_visas_corregido060326.pdf,,unverified,,
KH,GB,vr,,,https://www.gov.uk/guidance/immigration-rules/immigration-rules-appendix-visitor-visa-national-list,,unverified,,
KH,HK,vr,,,https://www.immd.gov.hk/eng/services/visas/visit-transit/visit-visa-entry-permit.html,,unverified,,
KH,KY,vr,,,https://gov.ky/web/cbc/travel/visas-extensions/visitors-visas/list-of-countries-visa-required,,unverified,,
KH,VG,vr,,,https://www.bvitourism.com/travel/visas,,unverified,,
KI,CL,vr,,,https://www.consulado.gob.cl/consulados/site/docs/20190220/20190220161313/cuadro_de_visas_corregido060326.pdf,,unverified,,
KI,HK,vf,90,,https://www.immd.gov.hk/eng/services/visas/visit-transit/visit-visa-entry-permit.html,,unverified,,
KI,KY,vf,,,https://gov.ky/web/cbc/travel/visas-extensions/visitors-visas/list-of-countries-visa-required,,unverified,,
KI,MO,vf,30,,https://www.gov.mo/en/services/ps-1474/ps-1474b/,,unverified,,
KM,CL,vr,,,https://www.consulado.gob.cl/consulados/site/docs/20190220/20190220161313/cuadro_de_visas_corregido060326.pdf,,unverified,,
KM,GB,vr,,,https://www.gov.uk/guidance/immigration-rules/immigration-rules-appendix-visitor-visa-national-list,,unverified,,
KM,HK,vf,14,,https://www.immd.gov.hk/eng/services/visas/visit-transit/visit-visa-entry-permit.html,,unverified,,
KM,KY,vr,,,https://gov.ky/web/cbc/travel/visas-extensions/visitors-visas/list-of-countries-visa-required,,unverified,,
KM,VG,vr,,,https://www.bvitourism.com/travel/visas,,unverified,,
KN,CL,vf,,,https://www.consulado.gob.cl/consulados/site/docs/20190220/20190220161313/cuadro_de_visas_corregido060326.pdf,,unverified,,
KN,HK,vf,90,,https://www.immd.gov.hk/eng/services/visas/visit-transit/visit-visa-entry-permit.html,,unverified,,
KN,SA,ev,90,,https://visa.visitsaudi.com/,,unverified,,
KN,TW,vf,30,,https://www.boca.gov.tw/cp-149-4486-7785a-2.html,,unverified,,
KP,CL,vr,,,https://www.consulado.gob.cl/consulados/site/docs/20190220/20190220161313/cuadro_de_visas_corregido060326.pdf,,unverified,,
KP,GB,vr,,,https://www.gov.uk/guidance/immigration-rules/immigration-rules-appendix-visitor-visa-national-list,,unverified,,
KP,RU,ev,30,,https://dublin.kdmid.ru/en/consular-functions/visas/electronic-visa-e-visa/,,unverified,,
KR,AM,vf,180,,https://www.mfa.am/en/visafreelist,,unverified,,
KR,BY,vf,30,,https://mfa.gov.by/kcfinder/upload/files/GKU/21.10.17_List_countries_eng.pdf,,unverified,,
KR,CL,vf,,,https://www.consulado.gob.cl/consulados/site/docs/20190220/20190220161313/cuadro_de_visas_corregido060326.pdf,,unverified,,
KR,CN,vf,30,,https://en.nia.gov.cn/n147418/n147463/c183390/content.html,,unverified,,
KR,HK,vf,90,,https://www.immd.gov.hk/eng/services/visas/visit-transit/visit-visa-entry-permit.html,,unverified,,
KR,SA,ev,90,,https://visa.visitsaudi.com/,,unverified,,
KR,TC,vf,,,https://borderforce.gov.tc/entry-requirements,,unverified,,
KW,BY,vf,30,,https://mfa.gov.by/kcfinder/upload/files/GKU/21.10.17_List_countries_eng.pdf,,unverified,,
KW,CL,vr,,,https://www.consulado.gob.cl/consulados/site/docs/20190220/20190220161313/cuadro_de_visas_corregido060326.pdf,,unverified,,
KW,CN,vf,30,,https://en.nia.gov.cn/n147418/n147463/c183390/content.html,,unverified,,
KW,HK,vf,30,,https://www.immd.gov.hk/eng/services/visas/visit-transit/visit-visa-entry-permit.html,,unverified,,
KW,KY,vf,,,https://gov.ky/web/cbc/travel/visas-extensions/visitors-visas/list-of-countries-visa-required,,unverified,,
KW,NZ,ev,90,,https://www.immigration.govt.nz/visit/what-you-need-to-visit-new-zealand/visa-waiver-countries-and-territories/,,unverified,,
KW,RU,ev,30,,https://dublin.kdmid.ru/en/consular-functions/visas/electronic-visa-e-visa/,,unverified,,
KW,VG,vr,,,https://www.bvitourism.com/travel/visas,,unverified,,
KZ,CL,vr,,,https://www.consulado.gob.cl/consulados/site/docs/20190220/20190220161313/cuadro_de_visas_corregido060326.pdf,,unverified,,
KZ,GB,vr,,,https://www.gov.uk/guidance/immigration-rules/immigration-rules-appendix-visitor-visa-national-list,,unverified,,
KZ,HK,vf,14,,https://www.immd.gov.hk/eng/services/visas/visit-transit/visit-visa-entry-permit.html,,unverified,,
KZ,KY,vr,,,https://gov.ky/web/cbc/travel/visas-extensions/visitors-visas/list-of-countries-visa-required,,unverified,,
KZ,SA,ev,90,,https://visa.visitsaudi.com/,,unverified,,
KZ,SG,vr,,,https://www.ica.gov.sg/enter-transit-depart/entering-singapore/visa_requirements,,unverified,,
KZ,VG,vr,,,https://www.bvitourism.com/travel/visas,,unverified,,
LA,CL,vr,,,https://www.consulado.gob.cl/consulados/site/docs/20190220/20190220161313/cuadro_de_visas_corregido060326.pdf,,unverified,,
LA,GB,vr,,,https://www.gov.uk/guidance/immigration-rules/immigration-rules-appendix-visitor-visa-national-list,,unverified,,
LA,HK,vr,,,https://www.immd.gov.hk/eng/services/visas/visit-transit/visit-visa-entry-permit.html,,unverified,,
LA,VG,vr,,,https://www.bvitourism.com/travel/visas,,unverified,,
LB,BY,vf,30,,https://mfa.gov.by/kcfinder/upload/files/GKU/21.10.17_List_countries_eng.pdf,,unverified,,
LB,CL,vr,,,https://www.consulado.gob.cl/consulados/site/docs/20190220/20190220161313/cuadro_de_visas_corregido060326.pdf,,unverified,,
LB,GB,vr,,,https://www.gov.uk/guidance/immigration-rules/immigration-rules-appendix-visitor-visa-national-list,,unverified,,
LB,HK,vr,,,https://www.immd.gov.hk/eng/services/visas/visit-transit/visit-visa-entry-permit.html,,unverified,,
LB,KY,vr,,,https://gov.ky/web/cbc/travel/visas-extensions/visitors-visas/list-of-countries-visa-required,,unverified,,
LB,MO,vf,90,,https://www.gov.mo/en/services/ps-1474/ps-1474b/,,unverified,,
LB,SG,vr,,,https://www.ica.gov.sg/enter-transit-depart/entering-singapore/visa_requirements,,unverified,,
LB,VG,vr,,,https://www.bvitourism.com/travel/visas,,unverified,,
LC,CL,vf,,,https://www.consulado.gob.cl/consulados/site/docs/20190220/20190220161313/cuadro_de_visas_corregido060326.pdf,,unverified,,
LC,GB,vr,,,https://www.gov.uk/guidance/immigration-rules/immigration-rules-appendix-visitor-visa-national-list,,unverified,,
LC,HK,vf,90,,https://www.immd.gov.hk/eng/services/visas/visit-transit/visit-visa-entry-permit.html,,unverified,,
LC,KY,vf,,,https://gov.ky/web/cbc/travel/visas-extensions/visitors-visas/list-of-countries-visa-required,,unverified,,
LC,TC,vf,,,https://borderforce.gov.tc/entry-requirements,,unverified,,
LC,TW,vf,30,,https://www.boca.gov.tw/cp-149-4486-7785a-2.html,,unverified,,
LI,AM,vf,180,,https://www.mfa.am/en/visafreelist,,unverified,,
LI,BY,vf,30,,https://mfa.gov.by/kcfinder/upload/files/GKU/21.10.17_List_countries_eng.pdf,,unverified,,
LI,CL,vf,,,https://www.consulado.gob.cl/consulados/site/docs/20190220/20190220161313/cuadro_de_visas_corregido060326.pdf,,unverified,,
LI,CN,vf,30,,https://en.nia.gov.cn/n147418/n147463/c183390/content.html,,unverified,,
LI,HK,vf,90,,https://www.immd.gov.hk/eng/services/visas/visit-transit/visit-visa-entry-permit.html,,unverified,,
LI,KY,vf,,,https://gov.ky/web/cbc/travel/visas-extensions/visitors-visas/list-of-countries-visa-required,,unverified,,
LI,MO,vf,30,,https://www.gov.mo/en/services/ps-1474/ps-1474b/,,unverified,,
LI,NZ,ev,90,,https://www.immigration.govt.nz/visit/what-you-need-to-visit-new-zealand/visa-waiver-countries-and-territories/,,unverified,,
LI,RU,ev,30,,https://dublin.kdmid.ru/en/consular-functions/visas/electronic-visa-e-visa/,,unverified,,
LI,SA,ev,90,,https://visa.visitsaudi.com/,,unverified,,
LI,TW,vf,90,,https://www.boca.gov.tw/cp-149-4486-7785a-2.html,,unverified,,
LK,CL,vr,,,https://www.consulado.gob.cl/consulados/site/docs/20190220/20190220161313/cuadro_de_visas_corregido060326.pdf,,unverified,,
LK,GB,vr,,,https://www.gov.uk/guidance/immigration-rules/immigration-rules-appendix-visitor-visa-national-list,,unverified,,
LK,HK,vr,,,https://www.immd.gov.hk/eng/services/visas/visit-transit/visit-visa-entry-permit.html,,unverified,,
LK,KY,vr,,,https://gov.ky/web/cbc/travel/visas-extensions/visitors-visas/list-of-countries-visa-required,,unverified,,
LK,MO,vr,,,https://www.gov.mo/en/services/ps-1474/ps-1474b/,,unverified,,
LK,MY,vr,,,https://www.imi.gov.my/index.php/en/main-services/visa/visa-requirement-by-country/,,unverified,,
LR,CL,vr,,,https://www.consulado.gob.cl/consulados/site/docs/20190220/20190220161313/cuadro_de_visas_corregido060326.pdf,,unverified,,
LR,GB,vr,,,https://www.gov.uk/guidance/immigration-rules/immigration-rules-appendix-visitor-visa-national-list,,unverified,,
LR,HK,vr,,,https://www.immd.gov.hk/eng/services/visas/visit-transit/visit-visa-entry-permit.html,,unverified,,
LR,KY,vr,,,https://gov.ky/web/cbc/travel/visas-extensions/visitors-visas/list-of-countries-visa-required,,unverified,,
LR,MY,vr,,,https://www.imi.gov.my/index.php/en/main-services/visa/visa-requirement-by-country/,,unverified,,
LR,VG,vr,,,https://www.bvitourism.com/travel/visas,,unverified,,
LS,CL,vr,,,https://www.consulado.gob.cl/consulados/site/docs/20190220/20190220161313/cuadro_de_visas_corregido060326.pdf,,unverified,,
LS,GB,vr,,,https://www.gov.uk/guidance/immigration-rules/immigration-rules-appendix-visitor-visa-national-list,,unverified,,
LS,HK,vf,14,,https://www.immd.gov.hk/eng/services/visas/visit-transit/visit-visa-entry-permit.html,,unverified,,
LS,KY,vf,,,https://gov.ky/web/cbc/travel/visas-extensions/visitors-visas/list-of-countries-visa-required,,unverified,,
LS,TC,vf,,,https://borderforce.gov.tc/entry-requirements,,unverified,,
LT,AM,vf,180,,https://www.mfa.am/en/visafreelist,,unverified,,
LT,BY,vf,30,,https://mfa.gov.by/kcfinder/upload/files/GKU/21.10.17_List_countries_eng.pdf,,unverified,,
LT,CL,vf,,,https://www.consulado.gob.cl/consulados/site/docs/20190220/20190220161313/cuadro_de_visas_corregido060326.pdf,,unverified,,
LT,HK,vf,90,,https://www.immd.gov.hk/eng/services/visas/visit-transit/visit-visa-entry-permit.html,,unverified,,
LT,KY,vf,,,https://gov.ky/web/cbc/travel/visas-extensions/visitors-visas/list-of-countries-visa-required,,unverified,,
LT,MO,vf,30,,https://www.gov.mo/en/services/ps-1474/ps-1474b/,,unverified,,
LT,NZ,ev,90,,https://www.immigration.govt.nz/visit/what-you-need-to-visit-new-zealand/visa-waiver-countries-and-territories/,,unverified,,
LT,RU,ev,30,,https://dublin.kdmid.ru/en/consular-functions/visas/electronic-visa-e-visa/,,unverified,,
LT,SA,ev,90,,https://visa.visitsaudi.com/,,unverified,,
LT,TC,vf,,,https://borderforce.gov.tc/entry-requirements,,unverified,,
LT,TW,vf,90,,https://www.boca.gov.tw/cp-149-4486-7785a-2.html,,unverified,,
LU,AM,vf,180,,https://www.mfa.am/en/visafreelist,,unverified,,
LU,BY,vf,30,,https://mfa.gov.by/kcfinder/upload/files/GKU/21.10.17_List_countries_eng.pdf,,unverified,,
LU,CL,vf,,,https://www.consulado.gob.cl/consulados/site/docs/20190220/20190220161313/cuadro_de_visas_corregido060326.pdf,,unverified,,
LU,CN,vf,30,,https://en.nia.gov.cn/n147418/n147463/c183390/content.html,,unverified,,
LU,HK,vf,90,,https://www.immd.gov.hk/eng/services/visas/visit-transit/visit-visa-entry-permit.html,,unverified,,
LU,KY,vf,,,https://gov.ky/web/cbc/travel/visas-extensions/visitors-visas/list-of-countries-visa-required,,unverified,,
LU,MO,vf,30,,https://www.gov.mo/en/services/ps-1474/ps-1474b/,,unverified,,
LU,NZ,ev,90,,https://www.immigration.govt.nz/visit/what-you-need-to-visit-new-zealand/visa-waiver-countries-and-territories/,,unverified,,
LU,RU,ev,30,,https://dublin.kdmid.ru/en/consular-functions/visas/electronic-visa-e-visa/,,unverified,,
LU,SA,ev,90,,https://visa.visitsaudi.com/,,unverified,,
LU,TC,vf,,,https://borderforce.gov.tc/entry-requirements,,unverified,,
LU,TW,vf,90,,https://www.boca.gov.tw/cp-149-4486-7785a-2.html,,unverified,,
LV,AM,vf,180,,https://www.mfa.am/en/visafreelist,,unverified,,
LV,BY,vf,30,,https://mfa.gov.by/kcfinder/upload/files/GKU/21.10.17_List_countries_eng.pdf,,unverified,,
LV,CL,vf,,,https://www.consulado.gob.cl/consulados/site/docs/20190220/20190220161313/cuadro_de_visas_corregido060326.pdf,,unverified,,
LV,CN,vf,30,,https://en.nia.gov.cn/n147418/n147463/c183390/content.html,,unverified,,
LV,HK,vf,90,,https://www.immd.gov.hk/eng/services/visas/visit-transit/visit-visa-entry-permit.html,,unverified,,
LV,KY,vf,,,https://gov.ky/web/cbc/travel/visas-extensions/visitors-visas/list-of-countries-visa-required,,unverified,,
LV,MO,vf,30,,https://www.gov.mo/en/services/ps-1474/ps-1474b/,,unverified,,
LV,NZ,ev,90,,https://www.immigration.govt.nz/visit/what-you-need-to-visit-new-zealand/visa-waiver-countries-and-territories/,,unverified,,
LV,RU,ev,30,,https://dublin.kdmid.ru/en/consular-functions/visas/electronic-visa-e-visa/,,unverified,,
LV,SA,ev,90,,https://visa.visitsaudi.com/,,unverified,,
LV,TC,vf,,,https://borderforce.gov.tc/entry-requirements,,unverified,,
LV,TW,vf,90,,https://www.boca.gov.tw/cp-149-4486-7785a-2.html,,unverified,,
LY,CL,vr,,,https://www.consulado.gob.cl/consulados/site/docs/20190220/20190220161313/cuadro_de_visas_corregido060326.pdf,,unverified,,
LY,GB,vr,,,https://www.gov.uk/guidance/immigration-rules/immigration-rules-appendix-visitor-visa-national-list,,unverified,,
LY,HK,vr,,,https://www.immd.gov.hk/eng/services/visas/visit-transit/visit-visa-entry-permit.html,,unverified,,
LY,KY,vr,,,https://gov.ky/web/cbc/travel/visas-extensions/visitors-visas/list-of-countries-visa-required,,unverified,,
LY,SG,vr,,,https://www.ica.gov.sg/enter-transit-depart/entering-singapore/visa_requirements,,unverified,,
LY,VG,vr,,,https://www.bvitourism.com/travel/visas,,unverified,,
MA,CL,vr,,,https://www.consulado.gob.cl/consulados/site/docs/20190220/20190220161313/cuadro_de_visas_corregido060326.pdf,,unverified,,
MA,GB,vr,,,https://www.gov.uk/guidance/immigration-rules/immigration-rules-appendix-visitor-visa-national-list,,unverified,,
MA,HK,vf,30,,https://www.immd.gov.hk/eng/services/visas/visit-transit/visit-visa-entry-permit.html,,unverified,,
MA,KY,vr,,,https://gov.ky/web/cbc/travel/visas-extensions/visitors-visas/list-of-countries-visa-required,,unverified,,
MA,SG,vr,,,https://www.ica.gov.sg/enter-transit-depart/entering-singapore/visa_requirements,,unverified,,
MA,VG,vr,,,https://www.bvitourism.com/travel/visas,,unverified,,
MC,AM,vf,180,,https://www.mfa.am/en/visafreelist,,unverified,,
MC,BY,vf,30,,https://mfa.gov.by/kcfinder/upload/files/GKU/21.10.17_List_countries_eng.pdf,,unverified,,
MC,CL,vf,,,https://www.consulado.gob.cl/consulados/site/docs/20190220/20190220161313/cuadro_de_visas_corregido060326.pdf,,unverified,,
MC,CN,vf,30,,https://en.nia.gov.cn/n147418/n147463/c183390/content.html,,unverified,,
MC,HK,vf,90,,https://www.immd.gov.hk/eng/services/visas/visit-transit/visit-visa-entry-permit.html,,unverified,,
MC,KY,vf,,,https://gov.ky/web/cbc/travel/visas-extensions/visitors-visas/list-of-countries-visa-required,,unverified,,
MC,MO,vf,30,,https://www.gov.mo/en/services/ps-1474/ps-1474b/,,unverified,,
MC,NZ,ev,90,,https://www.immigration.govt.nz/visit/what-you-need-to-visit-new-zealand/visa-waiver-countries-and-territories/,,unverified,,
MC,RU,ev,30,,https://dublin.kdmid.ru/en/consular-functions/visas/electronic-visa-e-visa/,,unverified,,
MC,SA,ev,90,,https://visa.visitsaudi.com/,,unverified,,
MC,TC,vf,,,https://borderforce.gov.tc/entry-requirements,,unverified,,
MC,TW,vf,90,,https://www.boca.gov.tw/cp-149-4486-7785a-2.html,,unverified,,
MD,CL,vf,,,https://www.consulado.gob.cl/consulados/site/docs/20190220/20190220161313/cuadro_de_visas_corregido060326.pdf,,unverified,,
MD,GB,vr,,,https://www.gov.uk/guidance/immigration-rules/immigration-rules-appendix-visitor-visa-national-list,,unverified,,
MD,HK,vr,,,https://www.immd.gov.hk/eng/services/visas/visit-transit/visit-visa-entry-permit.html,,unverified,,
MD,KY,vr,,,https://gov.ky/web/cbc/travel/visas-extensions/visitors-visas/list-of-countries-visa-required,,unverified,,
MD,MO,vf,30,,https://www.gov.mo/en/services/ps-1474/ps-1474b/,,unverified,,
MD,SG,vr,,,https://www.ica.gov.sg/enter-transit-depart/entering-singapore/visa_requirements,,unverified,,
ME,AM,vf,180,,https://www.mfa.am/en/visafreelist,,unverified,,
ME,CL,vf,,,https://www.consulado.gob.cl/consulados/site/docs/20190220/20190220161313/cuadro_de_visas_corregido060326.pdf,,unverified,,
ME,CN,vf,30,,https://en.nia.gov.cn/n147418/n147463/c183390/content.html,,unverified,,
ME,GB,vr,,,https://www.gov.uk/guidance/immigration-rules/immigration-rules-appendix-visitor-visa-national-list,,unverified,,
ME,HK,vf,14,,https://www.immd.gov.hk/eng/services/visas/visit-transit/visit-visa-entry-permit.html,,unverified,,
ME,KY,vr,,,https://gov.ky/web/cbc/travel/visas-extensions/visitors-visas/list-of-countries-visa-required,,unverified,,
ME,MO,vf,30,,https://www.gov.mo/en/services/ps-1474/ps-1474b/,,unverified,,
ME,MY,vr,,,https://www.imi.gov.my/index.php/en/main-services/visa/visa-requirement-by-country/,,unverified,,
ME,SA,ev,90,,https://visa.visitsaudi.com/,,unverified,,
MG,CL,vr,,,https://www.consulado.gob.cl/consulados/site/docs/20190220/20190220161313/cuadro_de_visas_corregido060326.pdf,,unverified,,
MG,GB,vr,,,https://www.gov.uk/guidance/immigration-rules/immigration-rules-appendix-visitor-visa-national-list,,unverified,,
MG,HK,vf,14,,https://www.immd.gov.hk/eng/services/visas/visit-transit/visit-visa-entry-permit.html,,unverified,,
MG,KY,vr,,,https://gov.ky/web/cbc/travel/visas-extensions/visitors-visas/list-of-countries-visa-required,,unverified,,
MG,VG,vr,,,https://www.bvitourism.com/travel/visas,,unverified,,
MH,CL,vr,,,https://www.consulado.gob.cl/consulados/site/docs/20190220/20190220161313/cuadro_de_visas_corregido060326.pdf,,unverified,,
MH,HK,vf,14,,https://www.immd.gov.hk/eng/services/visas/visit-transit/visit-visa-entry-permit.html,,unverified,,
MH,KY,vr,,,https://gov.ky/web/cbc/travel/visas-extensions/visitors-visas/list-of-countries-visa-required,,unverified,,
MH,TW,vf,90,,https://www.boca.gov.tw/cp-149-4486-7785a-2.html,,unverified,,
MK,BY,vf,30,,https://mfa.gov.by/kcfinder/upload/files/GKU/21.10.17_List_countries_eng.pdf,,unverified,,
MK,CL,vf,,,https://www.consulado.gob.cl/consulados/site/docs/20190220/20190220161313/cuadro_de_visas_corregido060326.pdf,,unverified,,
MK,CN,vf,30,,https://en.nia.gov.cn/n147418/n147463/c183390/content.html,,unverified,,
MK,GB,vr,,,https://www.gov.uk/guidance/immigration-rules/immigration-rules-appendix-visitor-visa-national-list,,unverified,,
MK,HK,vf,14,,https://www.immd.gov.hk/eng/services/visas/visit-transit/visit-visa-entry-permit.html,,unverified,,
MK,RU,ev,30,,https://dublin.kdmid.ru/en/consular-functions/visas/electronic-visa-e-visa/,,unverified,,
ML,CL,vr,,,https://www.consulado.gob.cl/consulados/site/docs/20190220/20190220161313/cuadro_de_visas_corregido060326.pdf,,unverified,,
ML,GB,vr,,,https://www.gov.uk/guidance/immigration-rules/immigration-rules-appendix-visitor-visa-national-list,,unverified,,
ML,HK,vf,14,,https://www.immd.gov.hk/eng/services/visas/visit-transit/visit-visa-entry-permit.html,,unverified,,
ML,KY,vr,,,https://gov.ky/web/cbc/travel/visas-extensions/visitors-visas/list-of-countries-visa-required,,unverified,,
ML,MO,vf,30,,https://www.gov.mo/en/services/ps-1474/ps-1474b/,,unverified,,
ML,MY,vr,,,https://www.imi.gov.my/index.php/en/main-services/visa/visa-requirement-by-country/,,unverified,,
ML,SG,vr,,,https://www.ica.gov.sg/enter-transit-depart/entering-singapore/visa_requirements,,unverified,,
ML,VG,vr,,,https://www.bvitourism.com/travel/visas,,unverified,,
MM,CL,vr,,,https://www.consulado.gob.cl/consulados/site/docs/20190220/20190220161313/cuadro_de_visas_corregido060326.pdf,,unverified,,
MM,GB,vr,,,https://www.gov.uk/guidance/immigration-rules/immigration-rules-appendix-visitor-visa-national-list,,unverified,,
MM,HK,vr,,,https://www.immd.gov.hk/eng/services/visas/visit-transit/visit-visa-entry-permit.html,,unverified,,
MM,KY,vr,,,https://gov.ky/web/cbc/travel/visas-extensions/visitors-visas/list-of-countries-visa-required,,unverified,,
MM,VG,vr,,,https://www.bvitourism.com/travel/visas,,unverified,,
MN,CL,vf,,,https://www.consulado.gob.cl/consulados/site/docs/20190220/20190220161313/cuadro_de_visas_corregido060326.pdf,,unverified,,
MN,GB,vr,,,https://www.gov.uk/guidance/immigration-rules/immigration-rules-appendix-visitor-visa-national-list,,unverified,,
MN,HK,vf,14,,https://www.immd.gov.hk/eng/services/visas/visit-transit/visit-visa-entry-permit.html,,unverified,,
MN,KY,vr,,,https://gov.ky/web/cbc/travel/visas-extensions/visitors-visas/list-of-countries-visa-required,,unverified,,
MN,MO,vf,30,,https://www.gov.mo/en/services/ps-1474/ps-1474b/,,unverified,,
MN,VG,vr,,,https://www.bvitourism.com/travel/visas,,unverified,,
MO,CL,vf,,,https://www.consulado.gob.cl/consulados/site/docs/20190220/20190220161313/cuadro_de_visas_corregido060326.pdf,,unverified,,
MO,NZ,ev,90,,https://www.immigration.govt.nz/visit/what-you-need-to-visit-new-zealand/visa-waiver-countries-and-territories/,,unverified,,
MR,CL,vr,,,https://www.consulado.gob.cl/consulados/site/docs/20190220/20190220161313/cuadro_de_visas_corregido060326.pdf,,unverified,,
MR,GB,vr,,,https://www.gov.uk/guidance/immigration-rules/immigration-rules-appendix-visitor-visa-national-list,,unverified,,
MR,HK,vf,14,,https://www.immd.gov.hk/eng/services/visas/visit-transit/visit-visa-entry-permit.html,,unverified,,
MR,KY,vr,,,https://gov.ky/web/cbc/travel/visas-extensions/visitors-visas/list-of-countries-visa-required,,unverified,,
MR,VG,vr,,,https://www.bvitourism.com/travel/visas,,unverified,,
MT,AM,vf,180,,https://www.mfa.am/en/visafreelist,,unverified,,
MT,BY,vf,30,,https://mfa.gov.by/kcfinder/upload/files/GKU/21.10.17_List_countries_eng.pdf,,unverified,,
MT,CL,vf,,,https://www.consulado.gob.cl/consulados/site/docs/20190220/20190220161313/cuadro_de_visas_corregido060326.pdf,,unverified,,
MT,CN,vf,30,,https://en.nia.gov.cn/n147418/n147463/c183390/content.html,,unverified,,
MT,HK,vf,90,,https://www.immd.gov.hk/eng/services/visas/visit-transit/visit-visa-entry-permit.html,,unverified,,
MT,KY,vf,,,https://gov.ky/web/cbc/travel/visas-extensions/visitors-visas/list-of-countries-visa-required,,unverified,,
MT,MO,vf,30,,https://www.gov.mo/en/services/ps-1474/ps-1474b/,,unverified,,
MT,NZ,ev,90,,https://www.immigration.govt.nz/visit/what-you-need-to-visit-new-zealand/visa-waiver-countries-and-territories/,,unverified,,
MT,RU,ev,30,,https://dublin.kdmid.ru/en/consular-functions/visas/electronic-visa-e-visa/,,unverified,,
MT,SA,ev,90,,https://visa.visitsaudi.com/,,unverified,,
MT,TC,vf,,,https://borderforce.gov.tc/entry-requirements,,unverified,,
MT,TW,vf,90,,https://www.boca.gov.tw/cp-149-4486-7785a-2.html,,unverified,,
MU,CL,vf,,,https://www.consulado.gob.cl/consulados/site/docs/20190220/20190220161313/cuadro_de_visas_corregido060326.pdf,,unverified,,
MU,HK,vf,90,,https://www.immd.gov.hk/eng/services/visas/visit-transit/visit-visa-entry-permit.html,,unverified,,
MU,KY,vf,,,https://gov.ky/web/cbc/travel/visas-extensions/visitors-visas/list-of-countries-visa-required,,unverified,,
MU,MO,vf,30,,https://www.gov.mo/en/services/ps-1474/ps-1474b/,,unverified,,
MU,NZ,ev,90,,https://www.immigration.govt.nz/visit/what-you-need-to-visit-new-zealand/visa-waiver-countries-and-territories/,,unverified,,
MU,SA,ev,90,,https://visa.visitsaudi.com/,,unverified,,
MU,TC,vf,,,https://borderforce.gov.tc/entry-requirements,,unverified,,
MV,CL,vr,,,https://www.consulado.gob.cl/consulados/site/docs/20190220/20190220161313/cuadro_de_visas_corregido060326.pdf,,unverified,,
MV,HK,vf,90,,https://www.immd.gov.hk/eng/services/visas/visit-transit/visit-visa-entry-permit.html,,unverified,,
MV,KY,vf,,,https://gov.ky/web/cbc/travel/visas-extensions/visitors-visas/list-of-countries-visa-required,,unverified,,
MV,SA,ev,90,,https://visa.visitsaudi.com/,,unverified,,
MW,CL,vr,,,https://www.consulado.gob.cl/consulados/site/docs/20190220/20190220161313/cuadro_de_visas_corregido060326.pdf,,unverified,,
MW,GB,vr,,,https://www.gov.uk/guidance/immigration-rules/immigration-rules-appendix-visitor-visa-national-list,,unverified,,
MW,HK,vf,90,,https://www.immd.gov.hk/eng/services/visas/visit-transit/visit-visa-entry-permit.html,,unverified,,
MW,KY,vf,,,https://gov.ky/web/cbc/travel/visas-extensions/visitors-visas/list-of-countries-visa-required,,unverified,,
MX,BY,vf,30,,https://mfa.gov.by/kcfinder/upload/files/GKU/21.10.17_List_countries_eng.pdf,,unverified,,
MX,CL,vf,,,https://www.consulado.gob.cl/consulados/site/docs/20190220/20190220161313/cuadro_de_visas_corregido060326.pdf,,unverified,,
MX,HK,vf,90,,https://www.immd.gov.hk/eng/services/visas/visit-transit/visit-visa-entry-permit.html,,unverified,,
MX,KY,vf,,,https://gov.ky/web/cbc/travel/visas-extensions/visitors-visas/list-of-countries-visa-required,,unverified,,
MX,MO,vf,30,,https://www.gov.mo/en/services/ps-1474/ps-1474b/,,unverified,,
MX,NZ,ev,90,,https://www.immigration.govt.nz/visit/what-you-need-to-visit-new-zealand/visa-waiver-countries-and-territories/,,unverified,,
MX,RU,ev,30,,https://dublin.kdmid.ru/en/consular-functions/visas/electronic-visa-e-visa/,,unverified,,
MX,TC,vf,,,https://borderforce.gov.tc/entry-requirements,,unverified,,
MY,BY,vf,30,,https://mfa.gov.by/kcfinder/upload/files/GKU/21.10.17_List_countries_eng.pdf,,unverified,,
MY,CL,vf,,,https://www.consulado.gob.cl/consulados/site/docs/20190220/20190220161313/cuadro_de_visas_corregido060326.pdf,,unverified,,
MY,HK,vf,90,,https://www.immd.gov.hk/eng/services/visas/visit-transit/visit-visa-entry-permit.html,,unverified,,
MY,KY,vf,,,https://gov.ky/web/cbc/travel/visas-extensions/visitors-visas/list-of-countries-visa-required,,unverified,,
MY,MO,vf,30,,https://www.gov.mo/en/services/ps-1474/ps-1474b/,,unverified,,
MY,NZ,ev,90,,https://www.immigration.govt.nz/visit/what-you-need-to-visit-new-zealand/visa-waiver-countries-and-territories/,,unverified,,
MY,RU,ev,30,,https://dublin.kdmid.ru/en/consular-functions/visas/electronic-visa-e-visa/,,unverified,,
MY,SA,ev,90,,https://visa.visitsaudi.com/,,unverified,,
MY,TW,vf,30,,https://www.boca.gov.tw/cp-149-4486-7785a-2.html,,unverified,,
MZ,CL,vr,,,https://www.consulado.gob.cl/consulados/site/docs/20190220/20190220161313/cuadro_de_visas_corregido060326.pdf,,unverified,,
MZ,GB,vr,,,https://www.gov.uk/guidance/immigration-rules/immigration-rules-appendix-visitor-visa-national-list,,unverified,,
MZ,HK,vf,14,,https://www.immd.gov.hk/eng/services/visas/visit-transit/visit-visa-entry-permit.html,,unverified,,
MZ,KY,vf,,,https://gov.ky/web/cbc/travel/visas-extensions/visitors-visas/list-of-countries-visa-required,,unverified,,
MZ,MY,vr,,,https://www.imi.gov.my/index.php/en/main-services/visa/visa-requirement-by-country/,,unverified,,
MZ,VG,vr,,,https://www.bvitourism.com/travel/visas,,unverified,,
NA,BY,vf,30,,https://mfa.gov.by/kcfinder/upload/files/GKU/21.10.17_List_countries_eng.pdf,,unverified,,
NA,CL,vr,,,https://www.consulado.gob.cl/consulados/site/docs/20190220/20190220161313/cuadro_de_visas_corregido060326.pdf,,unverified,,
NA,GB,vr,,,https://www.gov.uk/guidance/immigration-rules/immigration-rules-appendix-visitor-visa-national-list,,unverified,,
NA,HK,vf,90,,https://www.immd.gov.hk/eng/services/visas/visit-transit/visit-visa-entry-permit.html,,unverified,,
NA,KY,vf,,,https://gov.ky/web/cbc/travel/visas-extensions/visitors-visas/list-of-countries-visa-required,,unverified,,
NA,MO,vf,30,,https://www.gov.mo/en/services/ps-1474/ps-1474b/,,unverified,,
NE,CL,vr,,,https://www.consulado.gob.cl/consulados/site/docs/20190220/20190220161313/cuadro_de_visas_corregido060326.pdf,,unverified,,
NE,GB,vr,,,https://www.gov.uk/guidance/immigration-rules/immigration-rules-appendix-visitor-visa-national-list,,unverified,,
NE,HK,vf,14,,https://www.immd.gov.hk/eng/services/visas/visit-transit/visit-visa-entry-permit.html,,unverified,,
NE,KY,vr,,,https://gov.ky/web/cbc/travel/visas-extensions/visitors-visas/list-of-countries-visa-required,,unverified,,
NE,MY,vr,,,https://www.imi.gov.my/index.php/en/main-services/visa/visa-requirement-by-country/,,unverified,,
NE,VG,vr,,,https://www.bvitourism.com/travel/visas,,unverified,,
NG,CL,vr,,,https://www.consulado.gob.cl/consulados/site/docs/20190220/20190220161313/cuadro_de_visas_corregido060326.pdf,,unverified,,
NG,GB,vr,,,https://www.gov.uk/guidance/immigration-rules/immigration-rules-appendix-visitor-visa-national-list,,unverified,,
NG,HK,vr,,,https://www.immd.gov.hk/eng/services/visas/visit-transit/visit-visa-entry-permit.html,,unverified,,
NG,KY,vr,,,https://gov.ky/web/cbc/travel/visas-extensions/visitors-visas/list-of-countries-visa-required,,unverified,,
NG,MO,vr,,,https://www.gov.mo/en/services/ps-1474/ps-1474b/,,unverified,,
NG,MY,vr,,,https://www.imi.gov.my/index.php/en/main-services/visa/visa-requirement-by-country/,,unverified,,
NG,SG,vr,,,https://www.ica.gov.sg/enter-transit-depart/entering-singapore/visa_requirements,,unverified,,
NI,BY,vf,30,,https://mfa.gov.by/kcfinder/upload/files/GKU/21.10.17_List_countries_eng.pdf,,unverified,,
NI,CL,vf,,,https://www.consulado.gob.cl/consulados/site/docs/20190220/20190220161313/cuadro_de_visas_corregido060326.pdf,,unverified,,
NI,GB,vr,,,https://www.gov.uk/guidance/immigration-rules/immigration-rules-appendix-visitor-visa-national-list,,unverified,,
NI,HK,vr,,,https://www.immd.gov.hk/eng/services/visas/visit-transit/visit-visa-entry-permit.html,,unverified,,
NI,KY,vr,,,https://gov.ky/web/cbc/travel/visas-extensions/visitors-visas/list-of-countries-visa-required,,unverified,,
NL,AM,vf,180,,https://www.mfa.am/en/visafreelist,,unverified,,
NL,BY,vf,30,,https://mfa.gov.by/kcfinder/upload/files/GKU/21.10.17_List_countries_eng.pdf,,unverified,,
NL,CL,vf,,,https://www.consulado.gob.cl/consulados/site/docs/20190220/20190220161313/cuadro_de_visas_corregido060326.pdf,,unverified,,
NL,CN,vf,30,,https://en.nia.gov.cn/n147418/n147463/c183390/content.html,,unverified,,
NL,HK,vf,90,,https://www.immd.gov.hk/eng/services/visas/visit-transit/visit-visa-entry-permit.html,,unverified,,
NL,MO,vf,30,,https://www.gov.mo/en/services/ps-1474/ps-1474b/,,unverified,,
NL,NZ,ev,90,,https://www.immigration.govt.nz/visit/what-you-need-to-visit-new-zealand/visa-waiver-countries-and-territories/,,unverified,,
NL,RU,ev,30,,https://dublin.kdmid.ru/en/consular-functions/visas/electronic-visa-e-visa/,,unverified,,
NL,SA,ev,90,,https://visa.visitsaudi.com/,,unverified,,
NL,TC,vf,,,https://borderforce.gov.tc/entry-requirements,,unverified,,
NL,TW,vf,90,,https://www.boca.gov.tw/cp-149-4486-7785a-2.html,,unverified,,
NO,AM,vf,180,,https://www.mfa.am/en/visafreelist,,unverified,,
NO,BY,vf,30,,https://mfa.gov.by/kcfinder/upload/files/GKU/21.10.17_List_countries_eng.pdf,,unverified,,
NO,CL,vf,,,https://www.consulado.gob.cl/consulados/site/docs/20190220/20190220161313/cuadro_de_visas_corregido060326.pdf,,unverified,,
NO,CN,vf,30,,https://en.nia.gov.cn/n147418/n147463/c183390/content.html,,unverified,,
NO,HK,vf,90,,https://www.immd.gov.hk/eng/services/visas/visit-transit/visit-visa-entry-permit.html,,unverified,,
NO,MO,vf,30,,https://www.gov.mo/en/services/ps-1474/ps-1474b/,,unverified,,
NO,NZ,ev,90,,https://www.immigration.govt.nz/visit/what-you-need-to-visit-new-zealand/visa-waiver-countries-and-territories/,,unverified,,
NO,RU,ev,30,,https://dublin.kdmid.ru/en/consular-functions/visas/electronic-visa-e-visa/,,unverified,,
NO,SA,ev,90,,https://visa.visitsaudi.com/,,unverified,,
NO,TC,vf,,,https://borderforce.gov.tc/entry-requirements,,unverified,,
NO,TW,vf,90,,https://www.boca.gov.tw/cp-149-4486-7785a-2.html,,unverified,,
NP,CL,vr,,,https://www.consulado.gob.cl/consulados/site/docs/20190220/20190220161313/cuadro_de_visas_corregido060326.pdf,,unverified,,
NP,GB,vr,,,https://www.gov.uk/guidance/immigration-rules/immigration-rules-appendix-visitor-visa-national-list,,unverified,,
NP,HK,vr,,,https://www.immd.gov.hk/eng/services/visas/visit-transit/visit-visa-entry-permit.html,,unverified,,
NP,KY,vr,,,https://gov.ky/web/cbc/travel/visas-extensions/visitors-visas/list-of-countries-visa-required,,unverified,,
NP,MO,vr,,,https://www.gov.mo/en/services/ps-1474/ps-1474b/,,unverified,,
NP,MY,vr,,,https://www.imi.gov.my/index.php/en/main-services/visa/visa-requirement-by-country/,,unverified,,
NP,VG,vr,,,https://www.bvitourism.com/travel/visas,,unverified,,
NR,CL,vr,,,https://www.consulado.gob.cl/consulados/site/docs/20190220/20190220161313/cuadro_de_visas_corregido060326.pdf,,unverified,,
NR,GB,vr,,,https://www.gov.uk/guidance/immigration-rules/immigration-rules-appendix-visitor-visa-national-list,,unverified,,
NR,HK,vf,90,,https://www.immd.gov.hk/eng/services/visas/visit-transit/visit-visa-entry-permit.html,,unverified,,
NR,KY,vf,,,https://gov.ky/web/cbc/travel/visas-extensions/visitors-visas/list-of-countries-visa-required,,unverified,,
NZ,AM,vf,180,,https://www.mfa.am/en/visafreelist,,unverified,,
NZ,BY,vf,30,,https://mfa.gov.by/kcfinder/upload/files/GKU/21.10.17_List_countries_eng.pdf,,unverified,,
NZ,CL,vf,,,https://www.consulado.gob.cl/consulados/site/docs/20190220/20190220161313/cuadro_de_visas_corregido060326.pdf,,unverified,,
NZ,CN,vf,30,,https://en.nia.gov.cn/n147418/n147463/c183390/content.html,,unverified,,
NZ,HK,vf,90,,https://www.immd.gov.hk/eng/services/visas/visit-transit/visit-visa-entry-permit.html,,unverified,,
NZ,MO,vf,90,,https://www.gov.mo/en/services/ps-1474/ps-1474b/,,unverified,,
NZ,SA,ev,90,,https://visa.visitsaudi.com/,,unverified,,
NZ,TC,vf,,,https://borderforce.gov.tc/entry-requirements,,unverified,,
NZ,TW,vf,90,,https://www.boca.gov.tw/cp-149-4486-7785a-2.html,,unverified,,
OM,BY,vf,30,,https://mfa.gov.by/kcfinder/upload/files/GKU/21.10.17_List_countries_eng.pdf,,unverified,,
OM,CL,vr,,,https://www.consulado.gob.cl/consulados/site/docs/20190220/20190220161313/cuadro_de_visas_corregido060326.pdf,,unverified,,
OM,CN,vf,30,,https://en.nia.gov.cn/n147418/n147463/c183390/content.html,,unverified,,
OM,HK,vf,30,,https://www.immd.gov.hk/eng/services/visas/visit-transit/visit-visa-entry-permit.html,,unverified,,
OM,KY,vf,,,https://gov.ky/web/cbc/travel/visas-extensions/visitors-visas/list-of-countries-visa-required,,unverified,,
OM,NZ,ev,90,,https://www.immigration.govt.nz/visit/what-you-need-to-visit-new-zealand/visa-waiver-countries-and-territories/,,unverified,,
OM,RU,ev,30,,https://dublin.kdmid.ru/en/consular-functions/visas/electronic-visa-e-visa/,,unverified,,
OM,TC,vf,,,https://borderforce.gov.tc/entry-requirements,,unverified,,
OM,TW,vf,14,,https://www.boca.gov.tw/cp-149-4486-7785a-2.html,,unverified,,
OM,VG,vr,,,https://www.bvitourism.com/travel/visas,,unverified,,
PA,BY,vf,30,,https://mfa.gov.by/kcfinder/upload/files/GKU/21.10.17_List_countries_eng.pdf,,unverified,,
PA,CL,vf,,,https://www.consulado.gob.cl/consulados/site/docs/20190220/20190220161313/cuadro_de_visas_corregido060326.pdf,,unverified,,
PA,HK,vf,30,,https://www.immd.gov.hk/eng/services/visas/visit-transit/visit-visa-entry-permit.html,,unverified,,
PA,KY,vf,,,https://gov.ky/web/cbc/travel/visas-extensions/visitors-visas/list-of-countries-visa-required,,unverified,,
PA,SA,ev,90,,https://visa.visitsaudi.com/,,unverified,,
PA,TC,vf,,,https://borderforce.gov.tc/entry-requirements,,unverified,,
PE,BY,vf,30,,https://mfa.gov.by/kcfinder/upload/files/GKU/21.10.17_List_countries_eng.pdf,,unverified,,
PE,CL,vf,,,https://www.consulado.gob.cl/consulados/site/docs/20190220/20190220161313/cuadro_de_visas_corregido060326.pdf,,unverified,,
PE,CN,vf,30,,https://en.nia.gov.cn/n147418/n147463/c183390/content.html,,unverified,,
PE,HK,vf,30,,https://www.immd.gov.hk/eng/services/visas/visit-transit/visit-visa-entry-permit.html,,unverified,,
PE,KY,vr,,,https://gov.ky/web/cbc/travel/visas-extensions/visitors-visas/list-of-countries-visa-required,,unverified,,
PE,VG,vr,,,https://www.bvitourism.com/travel/visas,,unverified,,
PG,CL,vr,,,https://www.consulado.gob.cl/consulados/site/docs/20190220/20190220161313/cuadro_de_visas_corregido060326.pdf,,unverified,,
PG,HK,vf,90,,https://www.immd.gov.hk/eng/services/visas/visit-transit/visit-visa-entry-permit.html,,unverified,,
PG,KY,vf,,,https://gov.ky/web/cbc/travel/visas-extensions/visitors-visas/list-of-countries-visa-required,,unverified,,
PH,CL,vr,,,https://www.consulado.gob.cl/consulados/site/docs/20190220/20190220161313/cuadro_de_visas_corregido060326.pdf,,unverified,,
PH,GB,vr,,,https://www.gov.uk/guidance/immigration-rules/immigration-rules-appendix-visitor-visa-national-list,,unverified,,
PH,HK,vf,14,,https://www.immd.gov.hk/eng/services/visas/visit-transit/visit-visa-entry-permit.html,,unverified,,
PH,KY,vr,,,https://gov.ky/web/cbc/travel/visas-extensions/visitors-visas/list-of-countries-visa-required,,unverified,,
PH,MO,vf,30,,https://www.gov.mo/en/services/ps-1474/ps-1474b/,,unverified,,
PH,RU,ev,30,,https://dublin.kdmid.ru/en/consular-functions/visas/electronic-visa-e-visa/,,unverified,,
PH,TW,vf,14,,https://www.boca.gov.tw/cp-149-4486-7785a-2.html,,unverified,,
PH,VG,vr,,,https://www.bvitourism.com/travel/visas,,unverified,,
PK,BY,vf,30,,https://mfa.gov.by/kcfinder/upload/files/GKU/21.10.17_List_countries_eng.pdf,,unverified,,
PK,CL,vr,,,https://www.consulado.gob.cl/consulados/site/docs/20190220/20190220161313/cuadro_de_visas_corregido060326.pdf,,unverified,,
PK,GB,vr,,,https://www.gov.uk/guidance/immigration-rules/immigration-rules-appendix-visitor-visa-national-list,,unverified,,
PK,HK,vr,,,https://www.immd.gov.hk/eng/services/visas/visit-transit/visit-visa-entry-permit.html,,unverified,,
PK,KY,vr,,,https://gov.ky/web/cbc/travel/visas-extensions/visitors-visas/list-of-countries-visa-required,,unverified,,
PK,MO,vr,,,https://www.gov.mo/en/services/ps-1474/ps-1474b/,,unverified,,
PK,MY,vr,,,https://www.imi.gov.my/index.php/en/main-services/visa/visa-requirement-by-country/,,unverified,,
PK,SG,vr,,,https://www.ica.gov.sg/enter-transit-depart/entering-singapore/visa_requirements,,unverified,,
PK,VG,vr,,,https://www.bvitourism.com/travel/visas,,unverified,,
PL,AM,vf,180,,https://www.mfa.am/en/visafreelist,,unverified,,
PL,BY,vf,30,,https://mfa.gov.by/kcfinder/upload/files/GKU/21.10.17_List_countries_eng.pdf,,unverified,,
PL,CL,vf,,,https://www.consulado.gob.cl/consulados/site/docs/20190220/20190220161313/cuadro_de_visas_corregido060326.pdf,,unverified,,
PL,CN,vf,30,,https://en.nia.gov.cn/n147418/n147463/c183390/content.html,,unverified,,
PL,HK,vf,90,,https://www.immd.gov.hk/eng/services/visas/visit-transit/visit-visa-entry-permit.html,,unverified,,
PL,KY,vf,,,https://gov.ky/web/cbc/travel/visas-extensions/visitors-visas/list-of-countries-visa-required,,unverified,,
PL,MO,vf,30,,https://www.gov.mo/en/services/ps-1474/ps-1474b/,,unverified,,
PL,NZ,ev,90,,https://www.immigration.govt.nz/visit/what-you-need-to-visit-new-zealand/visa-waiver-countries-and-territories/,,unverified,,
PL,RU,ev,30,,https://dublin.kdmid.ru/en/consular-functions/visas/electronic-visa-e-visa/,,unverified,,
PL,SA,ev,90,,https://visa.visitsaudi.com/,,unverified,,
PL,TC,vf,,,https://borderforce.gov.tc/entry-requirements,,unverified,,
PL,TW,vf,90,,https://www.boca.gov.tw/cp-149-4486-7785a-2.html,,unverified,,
PS,CL,vr,,,https://www.consulado.gob.cl/consulados/site/docs/20190220/20190220161313/cuadro_de_visas_corregido060326.pdf,,unverified,,
PS,GB,vr,,,https://www.gov.uk/guidance/immigration-rules/immigration-rules-appendix-visitor-visa-national-list,,unverified,,
PS,HK,vr,,,https://www.immd.gov.hk/eng/services/visas/visit-transit/visit-visa-entry-permit.html,,unverified,,
PS,VG,vr,,,https://www.bvitourism.com/travel/visas,,unverified,,
PT,AM,vf,180,,https://www.mfa.am/en/visafreelist,,unverified,,
PT,BY,vf,30,,https://mfa.gov.by/kcfinder/upload/files/GKU/21.10.17_List_countries_eng.pdf,,unverified,,
PT,CL,vf,,,https://www.consulado.gob.cl/consulados/site/docs/20190220/20190220161313/cuadro_de_visas_corregido060326.pdf,,unverified,,
PT,CN,vf,30,,https://en.nia.gov.cn/n147418/n147463/c183390/content.html,,unverified,,
PT,HK,vf,90,,https://www.immd.gov.hk/eng/services/visas/visit-transit/visit-visa-entry-permit.html,,unverified,,
PT,KY,vf,,,https://gov.ky/web/cbc/travel/visas-extensions/visitors-visas/list-of-countries-visa-required,,unverified,,
PT,MO,vf,30,,https://www.gov.mo/en/services/ps-1474/ps-1474b/,,unverified,,
PT,NZ,ev,90,,https://www.immigration.govt.nz/visit/what-you-need-to-visit-new-zealand/visa-waiver-countries-and-territories/,,unverified,,
PT,RU,ev,30,,https://dublin.kdmid.ru/en/consular-functions/visas/electronic-visa-e-visa/,,unverified,,
PT,SA,ev,90,,https://visa.visitsaudi.com/,,unverified,,
PT,TC,vf,,,https://borderforce.gov.tc/entry-requirements,,unverified,,
PT,TW,vf,90,,https://www.boca.gov.tw/cp-149-4486-7785a-2.html,,unverified,,
PW,CL,vr,,,https://www.consulado.gob.cl/consulados/site/docs/20190220/20190220161313/cuadro_de_visas_corregido060326.pdf,,unverified,,
PW,HK,vf,14,,https://www.immd.gov.hk/eng/services/visas/visit-transit/visit-visa-entry-permit.html,,unverified,,
PW,KY,vr,,,https://gov.ky/web/cbc/travel/visas-extensions/visitors-visas/list-of-countries-visa-required,,unverified,,
PW,TW,vf,90,,https://www.boca.gov.tw/cp-149-4486-7785a-2.html,,unverified,,
PY,CL,vf,,,https://www.consulado.gob.cl/consulados/site/docs/20190220/20190220161313/cuadro_de_visas_corregido060326.pdf,,unverified,,
PY,HK,vf,30,,https://www.immd.gov.hk/eng/services/visas/visit-transit/visit-visa-entry-permit.html,,unverified,,
PY,KY,vr,,,https://gov.ky/web/cbc/travel/visas-extensions/visitors-visas/list-of-countries-visa-required,,unverified,,
PY,TW,vf,90,,https://www.boca.gov.tw/cp-149-4486-7785a-2.html,,unverified,,
QA,AM,vf,180,,https://www.mfa.am/en/visafreelist,,unverified,,
QA,CL,vr,,,https://www.consulado.gob.cl/consulados/site/docs/20190220/20190220161313/cuadro_de_visas_corregido060326.pdf,,unverified,,
QA,HK,vf,30,,https://www.immd.gov.hk/eng/services/visas/visit-transit/visit-visa-entry-permit.html,,unverified,,
QA,KY,vr,,,https://gov.ky/web/cbc/travel/visas-extensions/visitors-visas/list-of-countries-visa-required,,unverified,,
QA,NZ,ev,90,,https://www.immigration.govt.nz/visit/what-you-need-to-visit-new-zealand/visa-waiver-countries-and-territories/,,unverified,,
QA,TC,vf,,,https://borderforce.gov.tc/entry-requirements,,unverified,,
QA,VG,vr,,,https://www.bvitourism.com/travel/visas,,unverified,,
RO,AM,vf,180,,https://www.mfa.am/en/visafreelist,,unverified,,
RO,BY,vf,30,,https://mfa.gov.by/kcfinder/upload/files/GKU/21.10.17_List_countries_eng.pdf,,unverified,,
RO,CL,vf,,,https://www.consulado.gob.cl/consulados/site/docs/20190220/20190220161313/cuadro_de_visas_corregido060326.pdf,,unverified,,
RO,CN,vf,30,,https://en.nia.gov.cn/n147418/n147463/c183390/content.html,,unverified,,
RO,HK,vf,90,,https://www.immd.gov.hk/eng/services/visas/visit-transit/visit-visa-entry-permit.html,,unverified,,
RO,KY,vf,,,https://gov.ky/web/cbc/travel/visas-extensions/visitors-visas/list-of-countries-visa-required,,unverified,,
RO,MO,vf,30,,https://www.gov.mo/en/services/ps-1474/ps-1474b/,,unverified,,
RO,NZ,ev,90,,https://www.immigration.govt.nz/visit/what-you-need-to-visit-new-zealand/visa-waiver-countries-and-territories/,,unverified,,
RO,RU,ev,30,,https://dublin.kdmid.ru/en/consular-functions/visas/electronic-visa-e-visa/,,unverified,,
RO,SA,ev,90,,https://visa.visitsaudi.com/,,unverified,,
RO,TC,vf,,,https://borderforce.gov.tc/entry-requirements,,unverified,,
RO,TW,vf,90,,https://www.boca.gov.tw/cp-149-4486-7785a-2.html,,unverified,,
RS,CL,vf,,,https://www.consulado.gob.cl/consulados/site/docs/20190220/20190220161313/cuadro_de_visas_corregido060326.pdf,,unverified,,
RS,GB,vr,,,https://www.gov.uk/guidance/immigration-rules/immigration-rules-appendix-visitor-visa-national-list,,unverified,,
RS,HK,vf,14,,https://www.immd.gov.hk/eng/services/visas/visit-transit/visit-visa-entry-permit.html,,unverified,,
RS,KY,vr,,,https://gov.ky/web/cbc/travel/visas-extensions/visitors-visas/list-of-countries-visa-required,,unverified,,
RS,MO,vf,30,,https://www.gov.mo/en/services/ps-1474/ps-1474b/,,unverified,,
RS,MY,vr,,,https://www.imi.gov.my/index.php/en/main-services/visa/visa-requirement-by-country/,,unverified,,
RS,RU,ev,30,,https://dublin.kdmid.ru/en/consular-functions/visas/electronic-visa-e-visa/,,unverified,,
RS,VG,vr,,,https://www.bvitourism.com/travel/visas,,unverified,,
RU,CL,vf,,,https://www.consulado.gob.cl/consulados/site/docs/20190220/20190220161313/cuadro_de_visas_corregido060326.pdf,,unverified,,
RU,CN,vf,30,,https://en.nia.gov.cn/n147418/n147463/c183390/content.html,,unverified,,
RU,GB,vr,,,https://www.gov.uk/guidance/immigration-rules/immigration-rules-appendix-visitor-visa-national-list,,unverified,,
RU,HK,vf,14,,https://www.immd.gov.hk/eng/services/visas/visit-transit/visit-visa-entry-permit.html,,unverified,,
RU,MO,vf,30,,https://www.gov.mo/en/services/ps-1474/ps-1474b/,,unverified,,
RU,SA,ev,90,,https://visa.visitsaudi.com/,,unverified,,
RU,SG,vr,,,https://www.ica.gov.sg/enter-transit-depart/entering-singapore/visa_requirements,,unverified,,
RW,CL,vr,,,https://www.consulado.gob.cl/consulados/site/docs/20190220/20190220161313/cuadro_de_visas_corregido060326.pdf,,unverified,,
RW,GB,vr,,,https://www.gov.uk/guidance/immigration-rules/immigration-rules-appendix-visitor-visa-national-list,,unverified,,
RW,HK,vr,,,https://www.immd.gov.hk/eng/services/visas/visit-transit/visit-visa-entry-permit.html,,unverified,,
RW,KY,vr,,,https://gov.ky/web/cbc/travel/visas-extensions/visitors-visas/list-of-countries-visa-required,,unverified,,
RW,MY,vr,,,https://www.imi.gov.my/index.php/en/main-services/visa/visa-requirement-by-country/,,unverified,,
RW,VG,vr,,,https://www.bvitourism.com/travel/visas,,unverified,,
SA,BY,vf,30,,https://mfa.gov.by/kcfinder/upload/files/GKU/21.10.17_List_countries_eng.pdf,,unverified,,
SA,CL,vr,,,https://www.consulado.gob.cl/consulados/site/docs/20190220/20190220161313/cuadro_de_visas_corregido060326.pdf,,unverified,,
SA,CN,vf,30,,https://en.nia.gov.cn/n147418/n147463/c183390/content.html,,unverified,,
SA,HK,vf,90,,https://www.immd.gov.hk/eng/services/visas/visit-transit/visit-visa-entry-permit.html,,unverified,,
SA,KY,vr,,,https://gov.ky/web/cbc/travel/visas-extensions/visitors-visas/list-of-countries-visa-required,,unverified,,
SA,NZ,ev,90,,https://www.immigration.govt.nz/visit/what-you-need-to-visit-new-zealand/visa-waiver-countries-and-territories/,,unverified,,
SA,RU,ev,30,,https://dublin.kdmid.ru/en/consular-functions/visas/electronic-visa-e-visa/,,unverified,,
SA,TC,vf,,,https://borderforce.gov.tc/entry-requirements,,unverified,,
SA,VG,vr,,,https://www.bvitourism.com/travel/visas,,unverified,,
SB,CL,vr,,,https://www.consulado.gob.cl/consulados/site/docs/20190220/20190220161313/cuadro_de_visas_corregido060326.pdf,,unverified,,
SB,HK,vr,,,https://www.immd.gov.hk/eng/services/visas/visit-transit/visit-visa-entry-permit.html,,unverified,,
SB,KY,vf,,,https://gov.ky/web/cbc/travel/visas-extensions/visitors-visas/list-of-countries-visa-required,,unverified,,
SB,TC,vf,,,https://borderforce.gov.tc/entry-requirements,,unverified,,
SC,BY,vf,30,,https://mfa.gov.by/kcfinder/upload/files/GKU/21.10.17_List_countries_eng.pdf,,unverified,,
SC,CL,vr,,,https://www.consulado.gob.cl/consulados/site/docs/20190220/20190220161313/cuadro_de_visas_corregido060326.pdf,,unverified,,
SC,HK,vf,90,,https://www.immd.gov.hk/eng/services/visas/visit-transit/visit-visa-entry-permit.html,,unverified,,
SC,KY,vf,,,https://gov.ky/web/cbc/travel/visas-extensions/visitors-visas/list-of-countries-visa-required,,unverified,,
SC,MO,vf,30,,https://www.gov.mo/en/services/ps-1474/ps-1474b/,,unverified,,
SC,NZ,ev,90,,https://www.immigration.govt.nz/visit/what-you-need-to-visit-new-zealand/visa-waiver-countries-and-territories/,,unverified,,
SC,SA,ev,90,,https://visa.visitsaudi.com/,,unverified,,
SC,TC,vf,,,https://borderforce.gov.tc/entry-requirements,,unverified,,
SD,CL,vr,,,https://www.consulado.gob.cl/consulados/site/docs/20190220/20190220161313/cuadro_de_visas_corregido060326.pdf,,unverified,,
SD,GB,vr,,,https://www.gov.uk/guidance/immigration-rules/immigration-rules-appendix-visitor-visa-national-list,,unverified,,
SD,HK,vr,,,https://www.immd.gov.hk/eng/services/visas/visit-transit/visit-visa-entry-permit.html,,unverified,,
SD,KY,vr,,,https://gov.ky/web/cbc/travel/visas-extensions/visitors-visas/list-of-countries-visa-required,,unverified,,
SD,SG,vr,,,https://www.ica.gov.sg/enter-transit-depart/entering-singapore/visa_requirements,,unverified,,
SD,VG,vr,,,https://www.bvitourism.com/travel/visas,,unverified,,
SE,AM,vf,180,,https://www.mfa.am/en/visafreelist,,unverified,,
SE,BY,vf,30,,https://mfa.gov.by/kcfinder/upload/files/GKU/21.10.17_List_countries_eng.pdf,,unverified,,
SE,CL,vf,,,https://www.consulado.gob.cl/consulados/site/docs/20190220/20190220161313/cuadro_de_visas_corregido060326.pdf,,unverified,,
SE,CN,vf,30,,https://en.nia.gov.cn/n147418/n147463/c183390/content.html,,unverified,,
SE,HK,vf,90,,https://www.immd.gov.hk/eng/services/visas/visit-transit/visit-visa-entry-permit.html,,unverified,,
SE,KY,vf,,,https://gov.ky/web/cbc/travel/visas-extensions/visitors-visas/list-of-countries-visa-required,,unverified,,
SE,MO,vf,30,,https://www.gov.mo/en/services/ps-1474/ps-1474b/,,unverified,,
SE,NZ,ev,90,,https://www.immigration.govt.nz/visit/what-you-need-to-visit-new-zealand/visa-waiver-countries-and-territories/,,unverified,,
SE,RU,ev,30,,https://dublin.kdmid.ru/en/consular-functions/visas/electronic-visa-e-visa/,,unverified,,
SE,SA,ev,90,,https://visa.visitsaudi.com/,,unverified,,
SE,TC,vf,,,https://borderforce.gov.tc/entry-requirements,,unverified,,
SE,TW,vf,90,,https://www.boca.gov.tw/cp-149-4486-7785a-2.html,,unverified,,
SG,AM,vf,180,,https://www.mfa.am/en/visafreelist,,unverified,,
SG,BY,vf,30,,https://mfa.gov.by/kcfinder/upload/files/GKU/21.10.17_List_countries_eng.pdf,,unverified,,
SG,CL,vf,,,https://www.consulado.gob.cl/consulados/site/docs/20190220/20190220161313/cuadro_de_visas_corregido060326.pdf,,unverified,,
SG,HK,vf,90,,https://www.immd.gov.hk/eng/services/visas/visit-transit/visit-visa-entry-permit.html,,unverified,,
SG,KY,vf,,,https://gov.ky/web/cbc/travel/visas-extensions/visitors-visas/list-of-countries-visa-required,,unverified,,
SG,MO,vf,30,,https://www.gov.mo/en/services/ps-1474/ps-1474b/,,unverified,,
SG,NZ,ev,90,,https://www.immigration.govt.nz/visit/what-you-need-to-visit-new-zealand/visa-waiver-countries-and-territories/,,unverified,,
SG,RU,ev,30,,https://dublin.kdmid.ru/en/consular-functions/visas/electronic-visa-e-visa/,,unverified,,
SG,SA,ev,90,,https://visa.visitsaudi.com/,,unverified,,
SG,TC,vf,,,https://borderforce.gov.tc/entry-requirements,,unverified,,
SG,TW,vf,30,,https://www.boca.gov.tw/cp-149-4486-7785a-2.html,,unverified,,
SI,AM,vf,180,,https://www.mfa.am/en/visafreelist,,unverified,,
SI,BY,vf,30,,https://mfa.gov.by/kcfinder/upload/files/GKU/21.10.17_List_countries_eng.pdf,,unverified,,
SI,CL,vf,,,https://www.consulado.gob.cl/consulados/site/docs/20190220/20190220161313/cuadro_de_visas_corregido060326.pdf,,unverified,,
SI,CN,vf,30,,https://en.nia.gov.cn/n147418/n147463/c183390/content.html,,unverified,,
SI,HK,vf,90,,https://www.immd.gov.hk/eng/services/visas/visit-transit/visit-visa-entry-permit.html,,unverified,,
SI,KY,vf,,,https://gov.ky/web/cbc/travel/visas-extensions/visitors-visas/list-of-countries-visa-required,,unverified,,
SI,MO,vf,30,,https://www.gov.mo/en/services/ps-1474/ps-1474b/,,unverified,,
SI,NZ,ev,90,,https://www.immigration.govt.nz/visit/what-you-need-to-visit-new-zealand/visa-waiver-countries-and-territories/,,unverified,,
SI,RU,ev,30,,https://dublin.kdmid.ru/en/consular-functions/visas/electronic-visa-e-visa/,,unverified,,
SI,SA,ev,90,,https://visa.visitsaudi.com/,,unverified,,
SI,TC,vf,,,https://borderforce.gov.tc/entry-requirements,,unverified,,
SI,TW,vf,90,,https://www.boca.gov.tw/cp-149-4486-7785a-2.html,,unverified,,
SK,AM,vf,180,,https://www.mfa.am/en/visafreelist,,unverified,,
SK,BY,vf,30,,https://mfa.gov.by/kcfinder/upload/files/GKU/21.10.17_List_countries_eng.pdf,,unverified,,
SK,CL,vf,,,https://www.consulado.gob.cl/consulados/site/docs/20190220/20190220161313/cuadro_de_visas_corregido060326.pdf,,unverified,,
SK,CN,vf,30,,https://en.nia.gov.cn/n147418/n147463/c183390/content.html,,unverified,,
SK,HK,vf,90,,https://www.immd.gov.hk/eng/services/visas/visit-transit/visit-visa-entry-permit.html,,unverified,,
SK,MO,vf,30,,https://www.gov.mo/en/services/ps-1474/ps-1474b/,,unverified,,
SK,NZ,ev,90,,https://www.immigration.govt.nz/visit/what-you-need-to-visit-new-zealand/visa-waiver-countries-and-territories/,,unverified,,
SK,RU,ev,30,,https://dublin.kdmid.ru/en/consular-functions/visas/electronic-visa-e-visa/,,unverified,,
SK,SA,ev,90,,https://visa.visitsaudi.com/,,unverified,,
SK,TC,vf,,,https://borderforce.gov.tc/entry-requirements,,unverified,,
SK,TW,vf,90,,https://www.boca.gov.tw/cp-149-4486-7785a-2.html,,unverified,,
SL,CL,vr,,,https://www.consulado.gob.cl/consulados/site/docs/20190220/20190220161313/cuadro_de_visas_corregido060326.pdf,,unverified,,
SL,GB,vr,,,https://www.gov.uk/guidance/immigration-rules/immigration-rules-appendix-visitor-visa-national-list,,unverified,,
SL,HK,vr,,,https://www.immd.gov.hk/eng/services/visas/visit-transit/visit-visa-entry-permit.html,,unverified,,
SL,KY,vr,,,https://gov.ky/web/cbc/travel/visas-extensions/visitors-visas/list-of-countries-visa-required,,unverified,,
SM,AM,vf,180,,https://www.mfa.am/en/visafreelist,,unverified,,
SM,BY,vf,30,,https://mfa.gov.by/kcfinder/upload/files/GKU/21.10.17_List_countries_eng.pdf,,unverified,,
SM,CL,vf,,,https://www.consulado.gob.cl/consulados/site/docs/20190220/20190220161313/cuadro_de_visas_corregido060326.pdf,,unverified,,
SM,HK,vf,90,,https://www.immd.gov.hk/eng/services/visas/visit-transit/visit-visa-entry-permit.html,,unverified,,
SM,KY,vf,,,https://gov.ky/web/cbc/travel/visas-extensions/visitors-visas/list-of-countries-visa-required,,unverified,,
SM,MO,vf,30,,https://www.gov.mo/en/services/ps-1474/ps-1474b/,,unverified,,
SM,NZ,ev,90,,https://www.immigration.govt.nz/visit/what-you-need-to-visit-new-zealand/visa-waiver-countries-and-territories/,,unverified,,
SM,RU,ev,30,,https://dublin.kdmid.ru/en/consular-functions/visas/electronic-visa-e-visa/,,unverified,,
SM,SA,ev,90,,https://visa.visitsaudi.com/,,unverified,,
SM,TW,vf,90,,https://www.boca.gov.tw/cp-149-4486-7785a-2.html,,unverified,,
SN,CL,vr,,,https://www.consulado.gob.cl/consulados/site/docs/20190220/20190220161313/cuadro_de_visas_corregido060326.pdf,,unverified,,
SN,GB,vr,,,https://www.gov.uk/guidance/immigration-rules/immigration-rules-appendix-visitor-visa-national-list,,unverified,,
SN,HK,vr,,,https://www.immd.gov.hk/eng/services/visas/visit-transit/visit-visa-entry-permit.html,,unverified,,
SN,KY,vr,,,https://gov.ky/web/cbc/travel/visas-extensions/visitors-visas/list-of-countries-visa-required,,unverified,,
SN,VG,vr,,,https://www.bvitourism.com/travel/visas,,unverified,,
SO,CL,vr,,,https://www.consulado.gob.cl/consulados/site/docs/20190220/20190220161313/cuadro_de_visas_corregido060326.pdf,,unverified,,
SO,GB,vr,,,https://www.gov.uk/guidance/immigration-rules/immigration-rules-appendix-visitor-visa-national-list,,unverified,,
SO,HK,vr,,,https://www.immd.gov.hk/eng/services/visas/visit-transit/visit-visa-entry-permit.html,,unverified,,
SO,KY,vr,,,https://gov.ky/web/cbc/travel/visas-extensions/visitors-visas/list-of-countries-visa-required,,unverified,,
SO,SG,vr,,,https://www.ica.gov.sg/enter-transit-depart/entering-singapore/visa_requirements,,unverified,,
SO,VG,vr,,,https://www.bvitourism.com/travel/visas,,unverified,,
SR,CL,vf,,,https://www.consulado.gob.cl/consulados/site/docs/20190220/20190220161313/cuadro_de_visas_corregido060326.pdf,,unverified,,
SR,GB,vr,,,https://www.gov.uk/guidance/immigration-rules/immigration-rules-appendix-visitor-visa-national-list,,unverified,,
SR,HK,vf,14,,https://www.immd.gov.hk/eng/services/visas/visit-transit/visit-visa-entry-permit.html,,unverified,,
SR,KY,vr,,,https://gov.ky/web/cbc/travel/visas-extensions/visitors-visas/list-of-countries-visa-required,,unverified,,
SR,TC,vf,,,https://borderforce.gov.tc/entry-requirements,,unverified,,
SS,CL,vr,,,https://www.consulado.gob.cl/consulados/site/docs/20190220/20190220161313/cuadro_de_visas_corregido060326.pdf,,unverified,,
SS,GB,vr,,,https://www.gov.uk/guidance/immigration-rules/immigration-rules-appendix-visitor-visa-national-list,,unverified,,
SS,HK,vr,,,https://www.immd.gov.hk/eng/services/visas/visit-transit/visit-visa-entry-permit.html,,unverified,,
SS,SG,vr,,,https://www.ica.gov.sg/enter-transit-depart/entering-singapore/visa_requirements,,unverified,,
ST,CL,vr,,,https://www.consulado.gob.cl/consulados/site/docs/20190220/20190220161313/cuadro_de_visas_corregido060326.pdf,,unverified,,
ST,HK,vf,14,,https://www.immd.gov.hk/eng/services/visas/visit-transit/visit-visa-entry-permit.html,,unverified,,
ST,KY,vr,,,https://gov.ky/web/cbc/travel/visas-extensions/visitors-visas/list-of-countries-visa-required,,unverified,,
SV,BY,vf,30,,https://mfa.gov.by/kcfinder/upload/files/GKU/21.10.17_List_countries_eng.pdf,,unverified,,
SV,CL,vf,,,https://www.consulado.gob.cl/consulados/site/docs/20190220/20190220161313/cuadro_de_visas_corregido060326.pdf,,unverified,,
SV,GB,vr,,,https://www.gov.uk/guidance/immigration-rules/immigration-rules-appendix-visitor-visa-national-list,,unverified,,
SV,HK,vf,30,,https://www.immd.gov.hk/eng/services/visas/visit-transit/visit-visa-entry-permit.html,,unverified,,
SV,KY,vr,,,https://gov.ky/web/cbc/travel/visas-extensions/visitors-visas/list-of-countries-visa-required,,unverified,,
SY,CL,vr,,,https://www.consulado.gob.cl/consulados/site/docs/20190220/20190220161313/cuadro_de_visas_corregido060326.pdf,,unverified,,
SY,GB,vr,,,https://www.gov.uk/guidance/immigration-rules/immigration-rules-appendix-visitor-visa-national-list,,unverified,,
SY,HK,vr,,,https://www.immd.gov.hk/eng/services/visas/visit-transit/visit-visa-entry-permit.html,,unverified,,
SY,KY,vr,,,https://gov.ky/web/cbc/travel/visas-extensions/visitors-visas/list-of-countries-visa-required,,unverified,,
SY,SG,vr,,,https://www.ica.gov.sg/enter-transit-depart/entering-singapore/visa_requirements,,unverified,,
SY,VG,vr,,,https://www.bvitourism.com/travel/visas,,unverified,,
SZ,CL,vr,,,https://www.consulado.gob.cl/consulados/site/docs/20190220/20190220161313/cuadro_de_visas_corregido060326.pdf,,unverified,,
SZ,GB,vr,,,https://www.gov.uk/guidance/immigration-rules/immigration-rules-appendix-visitor-visa-national-list,,unverified,,
SZ,HK,vr,,,https://www.immd.gov.hk/eng/services/visas/visit-transit/visit-visa-entry-permit.html,,unverified,,
SZ,TW,vf,90,,https://www.boca.gov.tw/cp-149-4486-7785a-2.html,,unverified,,
TD,CL,vr,,,https://www.consulado.gob.cl/consulados/site/docs/20190220/20190220161313/cuadro_de_visas_corregido060326.pdf,,unverified,,
TD,GB,vr,,,https://www.gov.uk/guidance/immigration-rules/immigration-rules-appendix-visitor-visa-national-list,,unverified,,
TD,HK,vf,14,,https://www.immd.gov.hk/eng/services/visas/visit-transit/visit-visa-entry-permit.html,,unverified,,
TD,KY,vr,,,https://gov.ky/web/cbc/travel/visas-extensions/visitors-visas/list-of-countries-visa-required,,unverified,,
TD,VG,vr,,,https://www.bvitourism.com/travel/visas,,unverified,,
TG,CL,vr,,,https://www.consulado.gob.cl/consulados/site/docs/20190220/20190220161313/cuadro_de_visas_corregido060326.pdf,,unverified,,
TG,GB,vr,,,https://www.gov.uk/guidance/immigration-rules/immigration-rules-appendix-visitor-visa-national-list,,unverified,,
TG,HK,vr,,,https://www.immd.gov.hk/eng/services/visas/visit-transit/visit-visa-entry-permit.html,,unverified,,
TG,VG,vr,,,https://www.bvitourism.com/travel/visas,,unverified,,
TH,CL,vf,,,https://www.consulado.gob.cl/consulados/site/docs/20190220/20190220161313/cuadro_de_visas_corregido060326.pdf,,unverified,,
TH,GB,vr,,,https://www.gov.uk/guidance/immigration-rules/immigration-rules-appendix-visitor-visa-national-list,,unverified,,
TH,HK,vf,30,,https://www.immd.gov.hk/eng/services/visas/visit-transit/visit-visa-entry-permit.html,,unverified,,
TH,KY,vr,,,https://gov.ky/web/cbc/travel/visas-extensions/visitors-visas/list-of-countries-visa-required,,unverified,,
TH,MO,vf,30,,https://www.gov.mo/en/services/ps-1474/ps-1474b/,,unverified,,
TH,SA,ev,90,,https://visa.visitsaudi.com/,,unverified,,
TH,TW,vf,14,,https://www.boca.gov.tw/cp-149-4486-7785a-2.html,,unverified,,
TH,VG,vr,,,https://www.bvitourism.com/travel/visas,,unverified,,
TJ,CL,vr,,,https://www.consulado.gob.cl/consulados/site/docs/20190220/20190220161313/cuadro_de_visas_corregido060326.pdf,,unverified,,
TJ,GB,vr,,,https://www.gov.uk/guidance/immigration-rules/immigration-rules-appendix-visitor-visa-national-list,,unverified,,
TJ,HK,vr,,,https://www.immd.gov.hk/eng/services/visas/visit-transit/visit-visa-entry-permit.html,,unverified,,
TJ,KY,vr,,,https://gov.ky/web/cbc/travel/visas-extensions/visitors-visas/list-of-countries-visa-required,,unverified,,
TJ,SA,ev,90,,https://visa.visitsaudi.com/,,unverified,,
TJ,SG,vr,,,https://www.ica.gov.sg/enter-transit-depart/entering-singapore/visa_requirements,,unverified,,
TJ,VG,vr,,,https://www.bvitourism.com/travel/visas,,unverified,,
TL,CL,vr,,,https://www.consulado.gob.cl/consulados/site/docs/20190220/20190220161313/cuadro_de_visas_corregido060326.pdf,,unverified,,
TL,GB,vr,,,https://www.gov.uk/guidance/immigration-rules/immigration-rules-appendix-visitor-visa-national-list,,unverified,,
TL,KY,vr,,,https://gov.ky/web/cbc/travel/visas-extensions/visitors-visas/list-of-countries-visa-required,,unverified,,
TM,CL,vr,,,https://www.consulado.gob.cl/consulados/site/docs/20190220/20190220161313/cuadro_de_visas_corregido060326.pdf,,unverified,,
TM,GB,vr,,,https://www.gov.uk/guidance/immigration-rules/immigration-rules-appendix-visitor-visa-national-list,,unverified,,
TM,HK,vr,,,https://www.immd.gov.hk/eng/services/visas/visit-transit/visit-visa-entry-permit.html,,unverified,,
TM,KY,vr,,,https://gov.ky/web/cbc/travel/visas-extensions/visitors-visas/list-of-countries-visa-required,,unverified,,
TM,SG,vr,,,https://www.ica.gov.sg/enter-transit-depart/entering-singapore/visa_requirements,,unverified,,
TM,VG,vr,,,https://www.bvitourism.com/travel/visas,,unverified,,
TN,CL,vr,,,https://www.consulado.gob.cl/consulados/site/docs/20190220/20190220161313/cuadro_de_visas_corregido060326.pdf,,unverified,,
TN,GB,vr,,,https://www.gov.uk/guidance/immigration-rules/immigration-rules-appendix-visitor-visa-national-list,,unverified,,
TN,HK,vf,30,,https://www.immd.gov.hk/eng/services/visas/visit-transit/visit-visa-entry-permit.html,,unverified,,
TN,KY,vr,,,https://gov.ky/web/cbc/travel/visas-extensions/visitors-visas/list-of-countries-visa-required,,unverified,,
TN,SG,vr,,,https://www.ica.gov.sg/enter-transit-depart/entering-singapore/visa_requirements,,unverified,,
TO,CL,vf,,,https://www.consulado.gob.cl/consulados/site/docs/20190220/20190220161313/cuadro_de_visas_corregido060326.pdf,,unverified,,
TO,HK,vf,90,,https://www.immd.gov.hk/eng/services/visas/visit-transit/visit-visa-entry-permit.html,,unverified,,
TO,KY,vf,,,https://gov.ky/web/cbc/travel/visas-extensions/visitors-visas/list-of-countries-visa-required,,unverified,,
TR,CL,vf,,,https://www.consulado.gob.cl/consulados/site/docs/20190220/20190220161313/cuadro_de_visas_corregido060326.pdf,,unverified,,
TR,GB,vr,,,https://www.gov.uk/guidance/immigration-rules/immigration-rules-appendix-visitor-visa-national-list,,unverified,,
TR,KY,vr,,,https://gov.ky/web/cbc/travel/visas-extensions/visitors-visas/list-of-countries-visa-required,,unverified,,
TR,MO,vf,30,,https://www.gov.mo/en/services/ps-1474/ps-1474b/,,unverified,,
TR,RU,ev,30,,https://dublin.kdmid.ru/en/consular-functions/visas/electronic-visa-e-visa/,,unverified,,
TR,SA,ev,90,,https://visa.visitsaudi.com/,,unverified,,
TR,TC,vf,,,https://borderforce.gov.tc/entry-requirements,,unverified,,
TR,VG,vr,,,https://www.bvitourism.com/travel/visas,,unverified,,
TT,CL,vf,,,https://www.consulado.gob.cl/consulados/site/docs/20190220/20190220161313/cuadro_de_visas_corregido060326.pdf,,unverified,,
TT,GB,vr,,,https://www.gov.uk/guidance/immigration-rules/immigration-rules-appendix-visitor-visa-national-list,,unverified,,
TT,HK,vf,90,,https://www.immd.gov.hk/eng/services/visas/visit-transit/visit-visa-entry-permit.html,,unverified,,
TT,KY,vf,,,https://gov.ky/web/cbc/travel/visas-extensions/visitors-visas/list-of-countries-visa-required,,unverified,,
TT,TC,vf,,,https://borderforce.gov.tc/entry-requirements,,unverified,,
TV,CL,vr,,,https://www.consulado.gob.cl/consulados/site/docs/20190220/20190220161313/cuadro_de_visas_corregido060326.pdf,,unverified,,
TV,HK,vf,90,,https://www.immd.gov.hk/eng/services/visas/visit-transit/visit-visa-entry-permit.html,,unverified,,
TV,KY,vf,,,https://gov.ky/web/cbc/travel/visas-extensions/visitors-visas/list-of-countries-visa-required,,unverified,,
TV,TW,vf,90,,https://www.boca.gov.tw/cp-149-4486-7785a-2.html,,unverified,,
TW,CL,vf,,,https://www.consulado.gob.cl/consulados/site/docs/20190220/20190220161313/cuadro_de_visas_corregido060326.pdf,,unverified,,
TW,GB,vr,,,https://www.gov.uk/guidance/immigration-rules/immigration-rules-appendix-visitor-visa-national-list,,unverified,,
TW,NZ,ev,90,,https://www.immigration.govt.nz/visit/what-you-need-to-visit-new-zealand/visa-waiver-countries-and-territories/,,unverified,,
TW,TC,vf,,,https://borderforce.gov.tc/entry-requirements,,unverified,,
TW,VG,vr,,,https://www.bvitourism.com/travel/visas,,unverified,,
TZ,CL,vr,,,https://www.consulado.gob.cl/consulados/site/docs/20190220/20190220161313/cuadro_de_visas_corregido060326.pdf,,unverified,,
TZ,GB,vr,,,https://www.gov.uk/guidance/immigration-rules/immigration-rules-appendix-visitor-visa-national-list,,unverified,,
TZ,HK,vf,90,,https://www.immd.gov.hk/eng/services/visas/visit-transit/visit-visa-entry-permit.html,,unverified,,
TZ,KY,vf,,,https://gov.ky/web/cbc/travel/visas-extensions/visitors-visas/list-of-countries-visa-required,,unverified,,
TZ,MO,vf,30,,https://www.gov.mo/en/services/ps-1474/ps-1474b/,,unverified,,
UA,CL,vf,,,https://www.consulado.gob.cl/consulados/site/docs/20190220/20190220161313/cuadro_de_visas_corregido060326.pdf,,unverified,,
UA,GB,vr,,,https://www.gov.uk/guidance/immigration-rules/immigration-rules-appendix-visitor-visa-national-list,,unverified,,
UA,HK,vf,14,,https://www.immd.gov.hk/eng/services/visas/visit-transit/visit-visa-entry-permit.html,,unverified,,
UA,KY,vr,,,https://gov.ky/web/cbc/travel/visas-extensions/visitors-visas/list-of-countries-visa-required,,unverified,,
UA,SA,ev,90,,https://visa.visitsaudi.com/,,unverified,,
UA,SG,vr,,,https://www.ica.gov.sg/enter-transit-depart/entering-singapore/visa_requirements,,unverified,,
UA,VG,vr,,,https://www.bvitourism.com/travel/visas,,unverified,,
UG,CL,vr,,,https://www.consulado.gob.cl/consulados/site/docs/20190220/20190220161313/cuadro_de_visas_corregido060326.pdf,,unverified,,
UG,GB,vr,,,https://www.gov.uk/guidance/immigration-rules/immigration-rules-appendix-visitor-visa-national-list,,unverified,,
UG,HK,vf,30,,https://www.immd.gov.hk/eng/services/visas/visit-transit/visit-visa-entry-permit.html,,unverified,,
UG,KY,vr,,,https://gov.ky/web/cbc/travel/visas-extensions/visitors-visas/list-of-countries-visa-required,,unverified,,
US,AM,vf,180,,https://www.mfa.am/en/visafreelist,,unverified,,
US,CL,vf,,,https://www.consulado.gob.cl/consulados/site/docs/20190220/20190220161313/cuadro_de_visas_corregido060326.pdf,,unverified,,
US,NZ,ev,90,,https://www.immigration.govt.nz/visit/what-you-need-to-visit-new-zealand/visa-waiver-countries-and-territories/,,unverified,,
US,SA,ev,90,,https://visa.visitsaudi.com/,,unverified,,
UY,BY,vf,30,,https://mfa.gov.by/kcfinder/upload/files/GKU/21.10.17_List_countries_eng.pdf,,unverified,,
UY,CL,vf,,,https://www.consulado.gob.cl/consulados/site/docs/20190220/20190220161313/cuadro_de_visas_corregido060326.pdf,,unverified,,
UY,CN,vf,30,,https://en.nia.gov.cn/n147418/n147463/c183390/content.html,,unverified,,
UY,HK,vf,90,,https://www.immd.gov.hk/eng/services/visas/visit-transit/visit-visa-entry-permit.html,,unverified,,
UY,KY,vr,,,https://gov.ky/web/cbc/travel/visas-extensions/visitors-visas/list-of-countries-visa-required,,unverified,,
UY,MO,vf,30,,https://www.gov.mo/en/services/ps-1474/ps-1474b/,,unverified,,
UY,NZ,ev,90,,https://www.immigration.govt.nz/visit/what-you-need-to-visit-new-zealand/visa-waiver-countries-and-territories/,,unverified,,
UZ,CL,vr,,,https://www.consulado.gob.cl/consulados/site/docs/20190220/20190220161313/cuadro_de_visas_corregido060326.pdf,,unverified,,
UZ,GB,vr,,,https://www.gov.uk/guidance/immigration-rules/immigration-rules-appendix-visitor-visa-national-list,,unverified,,
UZ,HK,vr,,,https://www.immd.gov.hk/eng/services/visas/visit-transit/visit-visa-entry-permit.html,,unverified,,
UZ,KY,vr,,,https://gov.ky/web/cbc/travel/visas-extensions/visitors-visas/list-of-countries-visa-required,,unverified,,
UZ,SA,ev,90,,https://visa.visitsaudi.com/,,unverified,,
UZ,SG,vr,,,https://www.ica.gov.sg/enter-transit-depart/entering-singapore/visa_requirements,,unverified,,
UZ,VG,vr,,,https://www.bvitourism.com/travel/visas,,unverified,,
VA,HK,vf,14,,https://www.immd.gov.hk/eng/services/visas/visit-transit/visit-visa-entry-permit.html,,unverified,,
VA,KY,vr,,,https://gov.ky/web/cbc/travel/visas-extensions/visitors-visas/list-of-countries-visa-required,,unverified,,
VA,TC,vf,,,https://borderforce.gov.tc/entry-requirements,,unverified,,
VC,BY,vf,30,,https://mfa.gov.by/kcfinder/upload/files/GKU/21.10.17_List_countries_eng.pdf,,unverified,,
VC,CL,vf,,,https://www.consulado.gob.cl/consulados/site/docs/20190220/20190220161313/cuadro_de_visas_corregido060326.pdf,,unverified,,
VC,HK,vf,90,,https://www.immd.gov.hk/eng/services/visas/visit-transit/visit-visa-entry-permit.html,,unverified,,
VC,KY,vf,,,https://gov.ky/web/cbc/travel/visas-extensions/visitors-visas/list-of-countries-visa-required,,unverified,,
VC,TC,vf,,,https://borderforce.gov.tc/entry-requirements,,unverified,,
VC,TW,vf,30,,https://www.boca.gov.tw/cp-149-4486-7785a-2.html,,unverified,,
VE,CL,vr,,,https://www.consulado.gob.cl/consulados/site/docs/20190220/20190220161313/cuadro_de_visas_corregido060326.pdf,,unverified,,
VE,GB,vr,,,https://www.gov.uk/guidance/immigration-rules/immigration-rules-appendix-visitor-visa-national-list,,unverified,,
VE,HK,vf,90,,https://www.immd.gov.hk/eng/services/visas/visit-transit/visit-visa-entry-permit.html,,unverified,,
VE,KY,vr,,,https://gov.ky/web/cbc/travel/visas-extensions/visitors-visas/list-of-countries-visa-required,,unverified,,
VN,CL,vf,,,https://www.consulado.gob.cl/consulados/site/docs/20190220/20190220161313/cuadro_de_visas_corregido060326.pdf,,unverified,,
VN,GB,vr,,,https://www.gov.uk/guidance/immigration-rules/immigration-rules-appendix-visitor-visa-national-list,,unverified,,
VN,HK,vr,,,https://www.immd.gov.hk/eng/services/visas/visit-transit/visit-visa-entry-permit.html,,unverified,,
VN,KY,vr,,,https://gov.ky/web/cbc/travel/visas-extensions/visitors-visas/list-of-countries-visa-required,,unverified,,
VN,MO,vr,,,https://www.gov.mo/en/services/ps-1474/ps-1474b/,,unverified,,
VN,VG,vr,,,https://www.bvitourism.com/travel/visas,,unverified,,
VU,BY,vf,30,,https://mfa.gov.by/kcfinder/upload/files/GKU/21.10.17_List_countries_eng.pdf,,unverified,,
VU,CL,vr,,,https://www.consulado.gob.cl/consulados/site/docs/20190220/20190220161313/cuadro_de_visas_corregido060326.pdf,,unverified,,
VU,GB,vr,,,https://www.gov.uk/guidance/immigration-rules/immigration-rules-appendix-visitor-visa-national-list,,unverified,,
VU,HK,vf,90,,https://www.immd.gov.hk/eng/services/visas/visit-transit/visit-visa-entry-permit.html,,unverified,,
VU,KY,vf,,,https://gov.ky/web/cbc/travel/visas-extensions/visitors-visas/list-of-countries-visa-required,,unverified,,
WS,BY,vf,30,,https://mfa.gov.by/kcfinder/upload/files/GKU/21.10.17_List_countries_eng.pdf,,unverified,,
WS,CL,vr,,,https://www.consulado.gob.cl/consulados/site/docs/20190220/20190220161313/cuadro_de_visas_corregido060326.pdf,,unverified,,
WS,HK,vf,30,,https://www.immd.gov.hk/eng/services/visas/visit-transit/visit-visa-entry-permit.html,,unverified,,
WS,KY,vf,,,https://gov.ky/web/cbc/travel/visas-extensions/visitors-visas/list-of-countries-visa-required,,unverified,,
WS,MO,vf,30,,https://www.gov.mo/en/services/ps-1474/ps-1474b/,,unverified,,
XK,CL,vr,,,https://www.consulado.gob.cl/consulados/site/docs/20190220/20190220161313/cuadro_de_visas_corregido060326.pdf,,unverified,,
XK,GB,vr,,,https://www.gov.uk/guidance/immigration-rules/immigration-rules-appendix-visitor-visa-national-list,,unverified,,
XK,KY,vr,,,https://gov.ky/web/cbc/travel/visas-extensions/visitors-visas/list-of-countries-visa-required,,unverified,,
XK,SG,vr,,,https://www.ica.gov.sg/enter-transit-depart/entering-singapore/visa_requirements,,unverified,,
XK,TW,vf,90,,https://www.boca.gov.tw/cp-149-4486-7785a-2.html,,unverified,,
YE,CL,vr,,,https://www.consulado.gob.cl/consulados/site/docs/20190220/20190220161313/cuadro_de_visas_corregido060326.pdf,,unverified,,
YE,GB,vr,,,https://www.gov.uk/guidance/immigration-rules/immigration-rules-appendix-visitor-visa-national-list,,unverified,,
YE,HK,vr,,,https://www.immd.gov.hk/eng/services/visas/visit-transit/visit-visa-entry-permit.html,,unverified,,
YE,KY,vr,,,https://gov.ky/web/cbc/travel/visas-extensions/visitors-visas/list-of-countries-visa-required,,unverified,,
YE,SG,vr,,,https://www.ica.gov.sg/enter-transit-depart/entering-singapore/visa_requirements,,unverified,,
YE,VG,vr,,,https://www.bvitourism.com/travel/visas,,unverified,,
ZA,BY,vf,30,,https://mfa.gov.by/kcfinder/upload/files/GKU/21.10.17_List_countries_eng.pdf,,unverified,,
ZA,CL,vf,,,https://www.consulado.gob.cl/consulados/site/docs/20190220/20190220161313/cuadro_de_visas_corregido060326.pdf,,unverified,,
ZA,GB,vr,,,https://www.gov.uk/guidance/immigration-rules/immigration-rules-appendix-visitor-visa-national-list,,unverified,,
ZA,HK,vf,30,,https://www.immd.gov.hk/eng/services/visas/visit-transit/visit-visa-entry-permit.html,,unverified,,
ZA,KY,vf,,,https://gov.ky/web/cbc/travel/visas-extensions/visitors-visas/list-of-countries-visa-required,,unverified,,
ZA,MO,vf,30,,https://www.gov.mo/en/services/ps-1474/ps-1474b/,,unverified,,
ZA,SA,ev,90,,https://visa.visitsaudi.com/,,unverified,,
ZA,TC,vf,,,https://borderforce.gov.tc/entry-requirements,,unverified,,
ZM,CL,vr,,,https://www.consulado.gob.cl/consulados/site/docs/20190220/20190220161313/cuadro_de_visas_corregido060326.pdf,,unverified,,
ZM,GB,vr,,,https://www.gov.uk/guidance/immigration-rules/immigration-rules-appendix-visitor-visa-national-list,,unverified,,
ZM,HK,vf,90,,https://www.immd.gov.hk/eng/services/visas/visit-transit/visit-visa-entry-permit.html,,unverified,,
ZM,KY,vf,,,https://gov.ky/web/cbc/travel/visas-extensions/visitors-visas/list-of-countries-visa-required,,unverified,,
ZW,CL,vr,,,https://www.consulado.gob.cl/consulados/site/docs/20190220/20190220161313/cuadro_de_visas_corregido060326.pdf,,unverified,,
ZW,GB,vr,,,https://www.gov.uk/guidance/immigration-rules/immigration-rules-appendix-visitor-visa-national-list,,unverified,,
ZW,HK,vf,90,,https://www.immd.gov.hk/eng/services/visas/visit-transit/visit-visa-entry-permit.html,,unverified,,
ZW,KY,vr,,,https://gov.ky/web/cbc/travel/visas-extensions/visitors-visas/list-of-countries-visa-required,,unverified,,
